cyrmsozmng@yahoo.com,"Ser ou nï¿½o ser, eis a questï¿½o."
uskqzkvdlf@hotmail.com,"Quando o medo de nï¿½o estar vivendo ï¿½ maior que o medo da mudanï¿½a, o sujeito muda."
rzchmfdqmx@yahoo.com,"Ser ou nï¿½o ser, eis a questï¿½o."
rnniydwqtd@gmail.com,"Escolhemos o que queremos, mas nï¿½o escolhemos querer o que queremos."
albuitddzp@yahoo.com,"Quando o medo de nï¿½o estar vivendo ï¿½ maior que o medo da mudanï¿½a, o sujeito muda."
xavcsujyiu@yahoo.com,"Quando o medo de nï¿½o estar vivendo ï¿½ maior que o medo da mudanï¿½a, o sujeito muda."
rixubqabxt@hotmail.com,Carpe Diem
xviacgipnw@yahoo.com,"Ser ou nï¿½o ser, eis a questï¿½o."
ghvmsunbqc@gmail.com,"Quando o medo de nï¿½o estar vivendo ï¿½ maior que o medo da mudanï¿½a, o sujeito muda."
rvfrzzkvoe@yahoo.com,"Ser ou nï¿½o ser, eis a questï¿½o."
vclddesndp@gmail.com,"Quando o medo de nï¿½o estar vivendo ï¿½ maior que o medo da mudanï¿½a, o sujeito muda."
wjwwojrxbg@hotmail.com,"Quando o medo de nï¿½o estar vivendo ï¿½ maior que o medo da mudanï¿½a, o sujeito muda."
znckitvxcm@gmail.com,"Ser ou nï¿½o ser, eis a questï¿½o."
dnahszlbva@gmail.com,"Quando o medo de nï¿½o estar vivendo ï¿½ maior que o medo da mudanï¿½a, o sujeito muda."
aeicswuyga@yahoo.com,"Ser ou nï¿½o ser, eis a questï¿½o."
wnavfldvii@hotmail.com,"Escolhemos o que queremos, mas nï¿½o escolhemos querer o que queremos."
wjvlklgcvk@gmail.com,"Quando o medo de nï¿½o estar vivendo ï¿½ maior que o medo da mudanï¿½a, o sujeito muda."
vtowodyqrw@yahoo.com,"Ser ou nï¿½o ser, eis a questï¿½o."
dadzymquok@hotmail.com,"Ser ou nï¿½o ser, eis a questï¿½o."
kfhpavtoid@gmail.com,"Escolhemos o que queremos, mas nï¿½o escolhemos querer o que queremos."
wwoytrkqeb@gmail.com,"Quando o medo de nï¿½o estar vivendo ï¿½ maior que o medo da mudanï¿½a, o sujeito muda."
atmlbqswum@yahoo.com,"Ser ou nï¿½o ser, eis a questï¿½o."
gigrlqwagl@yahoo.com,"Escolhemos o que queremos, mas nï¿½o escolhemos querer o que queremos."
zqlewlgxgt@gmail.com,"Escolhemos o que queremos, mas nï¿½o escolhemos querer o que queremos."
zjltfqonmy@hotmail.com,"Quando o medo de nï¿½o estar vivendo ï¿½ maior que o medo da mudanï¿½a, o sujeito muda."
pqgkwzatic@hotmail.com,"Escolhemos o que queremos, mas nï¿½o escolhemos querer o que queremos."
fbobumcrfv@yahoo.com,"Escolhemos o que queremos, mas nï¿½o escolhemos querer o que queremos."
nzsbpnmyuc@hotmail.com,Carpe Diem
gfmefwsadw@hotmail.com,Carpe Diem
ljqvnoxdhd@gmail.com,"Ser ou nï¿½o ser, eis a questï¿½o."
dfxchaofmh@yahoo.com,"Escolhemos o que queremos, mas nï¿½o escolhemos querer o que queremos."
ptcqgfyvue@gmail.com,"Quando o medo de nï¿½o estar vivendo ï¿½ maior que o medo da mudanï¿½a, o sujeito muda."
rpzydscnoi@gmail.com,"Escolhemos o que queremos, mas nï¿½o escolhemos querer o que queremos."
rxrhtgulrt@hotmail.com,"Ser ou nï¿½o ser, eis a questï¿½o."
wziradahet@hotmail.com,"Escolhemos o que queremos, mas nï¿½o escolhemos querer o que queremos."
pvxzxfhjzh@yahoo.com,"Ser ou nï¿½o ser, eis a questï¿½o."
qpuvwuiaol@gmail.com,"Escolhemos o que queremos, mas nï¿½o escolhemos querer o que queremos."
sqdlnhcptb@hotmail.com,Carpe Diem
bhcifdhudf@hotmail.com,"Quando o medo de nï¿½o estar vivendo ï¿½ maior que o medo da mudanï¿½a, o sujeito muda."
qfkilzvmjo@gmail.com,"Ser ou nï¿½o ser, eis a questï¿½o."
hhkotinnnc@gmail.com,"Ser ou nï¿½o ser, eis a questï¿½o."
tolbclevdg@yahoo.com,Carpe Diem
nvbxiulgvw@gmail.com,Carpe Diem
prlthyualy@gmail.com,"Ser ou nï¿½o ser, eis a questï¿½o."
ruiebkhemt@gmail.com,"Ser ou nï¿½o ser, eis a questï¿½o."
lhcsqaxpui@yahoo.com,Carpe Diem
zuxzdcbani@hotmail.com,"Ser ou nï¿½o ser, eis a questï¿½o."
btfjupzirx@hotmail.com,"Ser ou nï¿½o ser, eis a questï¿½o."
kfylzdyvrj@gmail.com,"Escolhemos o que queremos, mas nï¿½o escolhemos querer o que queremos."
cuyavuxvus@gmail.com,Carpe Diem
mqobnpsdrq@gmail.com,Carpe Diem
onvrmljzyj@gmail.com,Carpe Diem
shqqbozjgh@yahoo.com,"Ser ou nï¿½o ser, eis a questï¿½o."
yavklfpqvc@hotmail.com,"Ser ou nï¿½o ser, eis a questï¿½o."
pqyyicyhnh@hotmail.com,"Escolhemos o que queremos, mas nï¿½o escolhemos querer o que queremos."
giraowprcf@yahoo.com,"Ser ou nï¿½o ser, eis a questï¿½o."
nguvcfarnu@hotmail.com,"Escolhemos o que queremos, mas nï¿½o escolhemos querer o que queremos."
islbzdtvfv@yahoo.com,"Quando o medo de nï¿½o estar vivendo ï¿½ maior que o medo da mudanï¿½a, o sujeito muda."
qsqfixbeth@hotmail.com,Carpe Diem
afczyvlshx@yahoo.com,"Escolhemos o que queremos, mas nï¿½o escolhemos querer o que queremos."
vulwqepoyq@gmail.com,"Ser ou nï¿½o ser, eis a questï¿½o."
tachclmoyg@gmail.com,"Quando o medo de nï¿½o estar vivendo ï¿½ maior que o medo da mudanï¿½a, o sujeito muda."
ioujinpgnj@yahoo.com,"Ser ou nï¿½o ser, eis a questï¿½o."
fwbtaixlaa@yahoo.com,"Escolhemos o que queremos, mas nï¿½o escolhemos querer o que queremos."
nfkkpaqura@yahoo.com,Carpe Diem
kimyshojhs@yahoo.com,"Quando o medo de nï¿½o estar vivendo ï¿½ maior que o medo da mudanï¿½a, o sujeito muda."
ihkskrvzkn@yahoo.com,Carpe Diem
difbgcwpxi@gmail.com,Carpe Diem
qpbmlnzwln@gmail.com,Carpe Diem
vqrmowqljt@yahoo.com,"Ser ou nï¿½o ser, eis a questï¿½o."
mqjmtvnmwb@hotmail.com,"Ser ou nï¿½o ser, eis a questï¿½o."
zggtebaedd@gmail.com,"Ser ou nï¿½o ser, eis a questï¿½o."
txcbzbpdoe@hotmail.com,"Quando o medo de nï¿½o estar vivendo ï¿½ maior que o medo da mudanï¿½a, o sujeito muda."
kzuttmyuor@yahoo.com,"Quando o medo de nï¿½o estar vivendo ï¿½ maior que o medo da mudanï¿½a, o sujeito muda."
qogdicjfoy@hotmail.com,Carpe Diem
aysaznxjof@hotmail.com,"Ser ou nï¿½o ser, eis a questï¿½o."
zeombnmeow@gmail.com,"Ser ou nï¿½o ser, eis a questï¿½o."
wtkaqsiofl@yahoo.com,Carpe Diem
itrmcomtvq@gmail.com,Carpe Diem
wtvkblqyig@gmail.com,"Escolhemos o que queremos, mas nï¿½o escolhemos querer o que queremos."
zqratmccxs@hotmail.com,"Escolhemos o que queremos, mas nï¿½o escolhemos querer o que queremos."
mzrcwsrbmd@hotmail.com,Carpe Diem
mwzmpmksas@hotmail.com,Carpe Diem
aepesuieew@gmail.com,"Escolhemos o que queremos, mas nï¿½o escolhemos querer o que queremos."
dfnmrylkfd@hotmail.com,"Ser ou nï¿½o ser, eis a questï¿½o."
remqbhuvla@hotmail.com,Carpe Diem
eysuxggeai@gmail.com,"Quando o medo de nï¿½o estar vivendo ï¿½ maior que o medo da mudanï¿½a, o sujeito muda."
fhzwbuvcxl@yahoo.com,"Escolhemos o que queremos, mas nï¿½o escolhemos querer o que queremos."
nqxskcirzz@gmail.com,"Quando o medo de nï¿½o estar vivendo ï¿½ maior que o medo da mudanï¿½a, o sujeito muda."
gsqlkvamry@hotmail.com,"Quando o medo de nï¿½o estar vivendo ï¿½ maior que o medo da mudanï¿½a, o sujeito muda."
rjhfviairp@gmail.com,"Escolhemos o que queremos, mas nï¿½o escolhemos querer o que queremos."
qmtiusgbca@yahoo.com,"Ser ou nï¿½o ser, eis a questï¿½o."
nvcaibuszl@hotmail.com,"Quando o medo de nï¿½o estar vivendo ï¿½ maior que o medo da mudanï¿½a, o sujeito muda."
luijqpruny@hotmail.com,"Ser ou nï¿½o ser, eis a questï¿½o."
wtfilqbgba@hotmail.com,"Escolhemos o que queremos, mas nï¿½o escolhemos querer o que queremos."
zbnbvfkvbv@yahoo.com,"Quando o medo de nï¿½o estar vivendo ï¿½ maior que o medo da mudanï¿½a, o sujeito muda."
omjeldnghp@yahoo.com,"Ser ou nï¿½o ser, eis a questï¿½o."
hmltsusvrj@gmail.com,Carpe Diem
mkdrhsrlzg@hotmail.com,"Quando o medo de nï¿½o estar vivendo ï¿½ maior que o medo da mudanï¿½a, o sujeito muda."
hphucaevjo@yahoo.com,"Escolhemos o que queremos, mas nï¿½o escolhemos querer o que queremos."
xuxwkbqqdm@gmail.com,"Quando o medo de nï¿½o estar vivendo ï¿½ maior que o medo da mudanï¿½a, o sujeito muda."
hhkeppwjal@hotmail.com,"Ser ou nï¿½o ser, eis a questï¿½o."
tkphvefris@hotmail.com,"Escolhemos o que queremos, mas nï¿½o escolhemos querer o que queremos."
yfhzoenmvs@yahoo.com,"Ser ou nï¿½o ser, eis a questï¿½o."
ohvhqwhqmc@hotmail.com,"Ser ou nï¿½o ser, eis a questï¿½o."
oxhticcgbk@hotmail.com,"Quando o medo de nï¿½o estar vivendo ï¿½ maior que o medo da mudanï¿½a, o sujeito muda."
yhfgdkkeoz@gmail.com,"Quando o medo de nï¿½o estar vivendo ï¿½ maior que o medo da mudanï¿½a, o sujeito muda."
zqwngizpxi@yahoo.com,"Escolhemos o que queremos, mas nï¿½o escolhemos querer o que queremos."
nnabgxhkpp@yahoo.com,"Quando o medo de nï¿½o estar vivendo ï¿½ maior que o medo da mudanï¿½a, o sujeito muda."
kakfkgwrte@gmail.com,Carpe Diem
yfbylweznm@gmail.com,"Quando o medo de nï¿½o estar vivendo ï¿½ maior que o medo da mudanï¿½a, o sujeito muda."
zxttdxvdlr@yahoo.com,"Escolhemos o que queremos, mas nï¿½o escolhemos querer o que queremos."
vghldchffh@gmail.com,Carpe Diem
kqzogqyxad@hotmail.com,"Quando o medo de nï¿½o estar vivendo ï¿½ maior que o medo da mudanï¿½a, o sujeito muda."
shcmfyflqo@yahoo.com,"Ser ou nï¿½o ser, eis a questï¿½o."
yhvbgyhept@gmail.com,"Quando o medo de nï¿½o estar vivendo ï¿½ maior que o medo da mudanï¿½a, o sujeito muda."
eurjqvqjab@yahoo.com,"Quando o medo de nï¿½o estar vivendo ï¿½ maior que o medo da mudanï¿½a, o sujeito muda."
isxatghgck@gmail.com,"Quando o medo de nï¿½o estar vivendo ï¿½ maior que o medo da mudanï¿½a, o sujeito muda."
vwswakodpu@hotmail.com,"Ser ou nï¿½o ser, eis a questï¿½o."
gvyjybycyu@yahoo.com,Carpe Diem
yludevaokj@hotmail.com,"Escolhemos o que queremos, mas nï¿½o escolhemos querer o que queremos."
gjucqtcwok@yahoo.com,"Ser ou nï¿½o ser, eis a questï¿½o."
hfsezhnxwh@gmail.com,Carpe Diem
gnvhfdlsca@hotmail.com,Carpe Diem
dztjehbrbh@yahoo.com,Carpe Diem
azxwytfcep@yahoo.com,"Ser ou nï¿½o ser, eis a questï¿½o."
cdpwgwfbqe@yahoo.com,"Ser ou nï¿½o ser, eis a questï¿½o."
cyrveeztpi@hotmail.com,"Ser ou nï¿½o ser, eis a questï¿½o."
nddfcdbwrd@yahoo.com,Carpe Diem
mmfrzmjrfz@gmail.com,"Escolhemos o que queremos, mas nï¿½o escolhemos querer o que queremos."
ymtzcnszkl@hotmail.com,"Escolhemos o que queremos, mas nï¿½o escolhemos querer o que queremos."
iuboyzksat@gmail.com,"Ser ou nï¿½o ser, eis a questï¿½o."
hhkyyzhnpo@hotmail.com,"Quando o medo de nï¿½o estar vivendo ï¿½ maior que o medo da mudanï¿½a, o sujeito muda."
ihvtqotzgj@hotmail.com,"Quando o medo de nï¿½o estar vivendo ï¿½ maior que o medo da mudanï¿½a, o sujeito muda."
dbgetudrdl@gmail.com,Carpe Diem
qzezvuzyiq@hotmail.com,Carpe Diem
quobtrwjnr@hotmail.com,"Ser ou nï¿½o ser, eis a questï¿½o."
wdeooyautc@gmail.com,"Quando o medo de nï¿½o estar vivendo ï¿½ maior que o medo da mudanï¿½a, o sujeito muda."
nqzymgedvv@gmail.com,"Quando o medo de nï¿½o estar vivendo ï¿½ maior que o medo da mudanï¿½a, o sujeito muda."
acxbvnkhcr@yahoo.com,Carpe Diem
vxfvrhuyxu@gmail.com,Carpe Diem
sbtrzonpub@yahoo.com,"Ser ou nï¿½o ser, eis a questï¿½o."
tqnfcctabo@hotmail.com,Carpe Diem
rfzvrljafr@gmail.com,"Escolhemos o que queremos, mas nï¿½o escolhemos querer o que queremos."
vjnmgcxbcc@hotmail.com,"Quando o medo de nï¿½o estar vivendo ï¿½ maior que o medo da mudanï¿½a, o sujeito muda."
foobhzsuyy@yahoo.com,"Ser ou nï¿½o ser, eis a questï¿½o."
rvhqurbnky@gmail.com,"Ser ou nï¿½o ser, eis a questï¿½o."
anpivtomhk@gmail.com,"Escolhemos o que queremos, mas nï¿½o escolhemos querer o que queremos."
pkdhomzlhk@hotmail.com,"Ser ou nï¿½o ser, eis a questï¿½o."
otlvdiuush@gmail.com,"Ser ou nï¿½o ser, eis a questï¿½o."
hzfiuimgej@yahoo.com,"Escolhemos o que queremos, mas nï¿½o escolhemos querer o que queremos."
hiapkxsxhy@gmail.com,"Escolhemos o que queremos, mas nï¿½o escolhemos querer o que queremos."
soctnojuhm@hotmail.com,"Ser ou nï¿½o ser, eis a questï¿½o."
hrlslovgfw@gmail.com,"Escolhemos o que queremos, mas nï¿½o escolhemos querer o que queremos."
rrbnxikgkj@gmail.com,"Ser ou nï¿½o ser, eis a questï¿½o."
yvojfognxf@yahoo.com,"Ser ou nï¿½o ser, eis a questï¿½o."
iixyxgeeab@yahoo.com,"Ser ou nï¿½o ser, eis a questï¿½o."
fexkhgqujn@hotmail.com,Carpe Diem
bzykkjadjz@gmail.com,"Escolhemos o que queremos, mas nï¿½o escolhemos querer o que queremos."
vvqooutzwj@gmail.com,"Quando o medo de nï¿½o estar vivendo ï¿½ maior que o medo da mudanï¿½a, o sujeito muda."
fgysmebfck@yahoo.com,Carpe Diem
wptgtvhrpg@gmail.com,"Ser ou nï¿½o ser, eis a questï¿½o."
ounejercqi@yahoo.com,"Ser ou nï¿½o ser, eis a questï¿½o."
kdoskbzivt@yahoo.com,"Quando o medo de nï¿½o estar vivendo ï¿½ maior que o medo da mudanï¿½a, o sujeito muda."
mrcuqfaxuh@hotmail.com,"Quando o medo de nï¿½o estar vivendo ï¿½ maior que o medo da mudanï¿½a, o sujeito muda."
filimukkwb@gmail.com,"Escolhemos o que queremos, mas nï¿½o escolhemos querer o que queremos."
dfrbfwbmmq@gmail.com,"Quando o medo de nï¿½o estar vivendo ï¿½ maior que o medo da mudanï¿½a, o sujeito muda."
rbgyonmgex@hotmail.com,"Escolhemos o que queremos, mas nï¿½o escolhemos querer o que queremos."
clyrukmlal@yahoo.com,"Escolhemos o que queremos, mas nï¿½o escolhemos querer o que queremos."
fqbwhszrar@hotmail.com,"Escolhemos o que queremos, mas nï¿½o escolhemos querer o que queremos."
rdekxivkqe@gmail.com,"Quando o medo de nï¿½o estar vivendo ï¿½ maior que o medo da mudanï¿½a, o sujeito muda."
yiypyyjvjc@yahoo.com,"Escolhemos o que queremos, mas nï¿½o escolhemos querer o que queremos."
luthowzpsq@hotmail.com,"Quando o medo de nï¿½o estar vivendo ï¿½ maior que o medo da mudanï¿½a, o sujeito muda."
pkcysqhrtz@hotmail.com,"Quando o medo de nï¿½o estar vivendo ï¿½ maior que o medo da mudanï¿½a, o sujeito muda."
pooiibvqnh@gmail.com,"Ser ou nï¿½o ser, eis a questï¿½o."
ubjaafuhfm@hotmail.com,"Ser ou nï¿½o ser, eis a questï¿½o."
xxfkccojys@gmail.com,Carpe Diem
gfdndwujfp@gmail.com,"Quando o medo de nï¿½o estar vivendo ï¿½ maior que o medo da mudanï¿½a, o sujeito muda."
zbkcpyslrx@yahoo.com,"Escolhemos o que queremos, mas nï¿½o escolhemos querer o que queremos."
ncjlnfboti@gmail.com,"Ser ou nï¿½o ser, eis a questï¿½o."
syizpepvpw@gmail.com,"Ser ou nï¿½o ser, eis a questï¿½o."
oxikvlztwv@gmail.com,Carpe Diem
wntyenuysd@hotmail.com,"Quando o medo de nï¿½o estar vivendo ï¿½ maior que o medo da mudanï¿½a, o sujeito muda."
lunvibfznq@gmail.com,"Quando o medo de nï¿½o estar vivendo ï¿½ maior que o medo da mudanï¿½a, o sujeito muda."
rnlpcxnguc@gmail.com,Carpe Diem
vpqlfnvdzt@gmail.com,Carpe Diem
ashcgtvoqm@hotmail.com,"Escolhemos o que queremos, mas nï¿½o escolhemos querer o que queremos."
fhqoqxkidp@yahoo.com,Carpe Diem
nolosrgnlr@hotmail.com,"Quando o medo de nï¿½o estar vivendo ï¿½ maior que o medo da mudanï¿½a, o sujeito muda."
zpjzymgact@gmail.com,"Escolhemos o que queremos, mas nï¿½o escolhemos querer o que queremos."
jwsajrweix@yahoo.com,"Ser ou nï¿½o ser, eis a questï¿½o."
bqluqciemb@hotmail.com,Carpe Diem
mfviidtqvn@hotmail.com,"Quando o medo de nï¿½o estar vivendo ï¿½ maior que o medo da mudanï¿½a, o sujeito muda."
mtqyrqjdmi@yahoo.com,Carpe Diem
bcwlqatpux@gmail.com,Carpe Diem
qlujajfdis@gmail.com,"Escolhemos o que queremos, mas nï¿½o escolhemos querer o que queremos."
ssgvwujeic@gmail.com,"Ser ou nï¿½o ser, eis a questï¿½o."
qdjhamttzo@gmail.com,"Escolhemos o que queremos, mas nï¿½o escolhemos querer o que queremos."
mtbxkgknba@gmail.com,"Escolhemos o que queremos, mas nï¿½o escolhemos querer o que queremos."
gvhstjpyti@hotmail.com,"Quando o medo de nï¿½o estar vivendo ï¿½ maior que o medo da mudanï¿½a, o sujeito muda."
ozfapaxkjp@gmail.com,"Ser ou nï¿½o ser, eis a questï¿½o."
kwbkrhzfus@hotmail.com,"Ser ou nï¿½o ser, eis a questï¿½o."
mklmwmhjci@yahoo.com,"Ser ou nï¿½o ser, eis a questï¿½o."
jynfeqpjia@gmail.com,"Ser ou nï¿½o ser, eis a questï¿½o."
atqxfhrrdp@yahoo.com,"Escolhemos o que queremos, mas nï¿½o escolhemos querer o que queremos."
lvtsdsadwf@gmail.com,"Ser ou nï¿½o ser, eis a questï¿½o."
wrhdfvlfjj@yahoo.com,"Escolhemos o que queremos, mas nï¿½o escolhemos querer o que queremos."
hlyumfbjny@gmail.com,"Quando o medo de nï¿½o estar vivendo ï¿½ maior que o medo da mudanï¿½a, o sujeito muda."
gbtmtolcnw@hotmail.com,"Ser ou nï¿½o ser, eis a questï¿½o."
fvgrsjdmsb@hotmail.com,Carpe Diem
ksfchdrkcr@gmail.com,"Escolhemos o que queremos, mas nï¿½o escolhemos querer o que queremos."
luebjkekoy@yahoo.com,"Quando o medo de nï¿½o estar vivendo ï¿½ maior que o medo da mudanï¿½a, o sujeito muda."
zxilvxzepq@yahoo.com,Carpe Diem
tjrljwykum@gmail.com,Carpe Diem
egxdqhnlts@gmail.com,"Ser ou nï¿½o ser, eis a questï¿½o."
hgyvioreuq@yahoo.com,"Ser ou nï¿½o ser, eis a questï¿½o."
tetcwqkekp@gmail.com,"Escolhemos o que queremos, mas nï¿½o escolhemos querer o que queremos."
ybxasvozdb@gmail.com,"Escolhemos o que queremos, mas nï¿½o escolhemos querer o que queremos."
xnlnqjfcou@yahoo.com,"Quando o medo de nï¿½o estar vivendo ï¿½ maior que o medo da mudanï¿½a, o sujeito muda."
tkkjdxvwtg@yahoo.com,"Escolhemos o que queremos, mas nï¿½o escolhemos querer o que queremos."
yymvyddnce@yahoo.com,Carpe Diem
xwktxfuepd@gmail.com,"Quando o medo de nï¿½o estar vivendo ï¿½ maior que o medo da mudanï¿½a, o sujeito muda."
aeybmvrvni@hotmail.com,"Quando o medo de nï¿½o estar vivendo ï¿½ maior que o medo da mudanï¿½a, o sujeito muda."
nbrnimtqoi@yahoo.com,"Ser ou nï¿½o ser, eis a questï¿½o."
umxntkyhdd@hotmail.com,Carpe Diem
zaxfkwqols@hotmail.com,Carpe Diem
ekzuycwkwy@hotmail.com,"Ser ou nï¿½o ser, eis a questï¿½o."
cvcrufdsdq@hotmail.com,Carpe Diem
xmqyyvsygm@gmail.com,"Quando o medo de nï¿½o estar vivendo ï¿½ maior que o medo da mudanï¿½a, o sujeito muda."
cuccnjmlvq@gmail.com,"Ser ou nï¿½o ser, eis a questï¿½o."
czwnldfcmv@yahoo.com,"Escolhemos o que queremos, mas nï¿½o escolhemos querer o que queremos."
cqkhzbapwc@gmail.com,"Escolhemos o que queremos, mas nï¿½o escolhemos querer o que queremos."
afbzmqnats@yahoo.com,"Ser ou nï¿½o ser, eis a questï¿½o."
uabgarhlpt@gmail.com,"Escolhemos o que queremos, mas nï¿½o escolhemos querer o que queremos."
swcutxscaw@yahoo.com,"Ser ou nï¿½o ser, eis a questï¿½o."
qluasdjdru@gmail.com,Carpe Diem
yeveuarrpi@yahoo.com,Carpe Diem
ujucgykcwx@gmail.com,"Ser ou nï¿½o ser, eis a questï¿½o."
sovsidkhzu@yahoo.com,"Quando o medo de nï¿½o estar vivendo ï¿½ maior que o medo da mudanï¿½a, o sujeito muda."
tfzqpwzswx@yahoo.com,"Quando o medo de nï¿½o estar vivendo ï¿½ maior que o medo da mudanï¿½a, o sujeito muda."
xvyzqcjovr@yahoo.com,"Ser ou nï¿½o ser, eis a questï¿½o."
bvyjuvdghh@gmail.com,"Ser ou nï¿½o ser, eis a questï¿½o."
ceypaexark@gmail.com,"Escolhemos o que queremos, mas nï¿½o escolhemos querer o que queremos."
avwowulnvd@yahoo.com,"Escolhemos o que queremos, mas nï¿½o escolhemos querer o que queremos."
dxrcxsbhow@hotmail.com,Carpe Diem
eytykvsoha@hotmail.com,"Escolhemos o que queremos, mas nï¿½o escolhemos querer o que queremos."
wvlcodbvmf@hotmail.com,Carpe Diem
qpsvtdnqyx@gmail.com,"Escolhemos o que queremos, mas nï¿½o escolhemos querer o que queremos."
ycyvjaoofb@gmail.com,Carpe Diem
ldrsbapmrx@hotmail.com,"Escolhemos o que queremos, mas nï¿½o escolhemos querer o que queremos."
slqtneuhtl@yahoo.com,"Escolhemos o que queremos, mas nï¿½o escolhemos querer o que queremos."
xisjbtlxey@gmail.com,"Ser ou nï¿½o ser, eis a questï¿½o."
lucca.scarpa@poli.ufrj.br,"Escolhemos o que queremos, mas não escolhemos querer o que queremos"
wrbvqdjaml@hotmail.com,"Quando o medo de nï¿½o estar vivendo ï¿½ maior que o medo da mudanï¿½a, o sujeito muda."
nntydqqgmd@yahoo.com,Carpe Diem
kaurnsludy@yahoo.com,"Quando o medo de nï¿½o estar vivendo ï¿½ maior que o medo da mudanï¿½a, o sujeito muda."
pmsvqqnfes@hotmail.com,"Ser ou nï¿½o ser, eis a questï¿½o."
ntmgnprifi@yahoo.com,Carpe Diem
hxbcycvmub@yahoo.com,Carpe Diem
vxwhtgfvlr@yahoo.com,Carpe Diem
ydthxuufaw@gmail.com,"Quando o medo de nï¿½o estar vivendo ï¿½ maior que o medo da mudanï¿½a, o sujeito muda."
vseyspxqwn@hotmail.com,Carpe Diem
dyjtnhkfxo@hotmail.com,Carpe Diem
grugrsnltr@yahoo.com,"Quando o medo de nï¿½o estar vivendo ï¿½ maior que o medo da mudanï¿½a, o sujeito muda."
khwsxzgftz@gmail.com,"Escolhemos o que queremos, mas nï¿½o escolhemos querer o que queremos."
hixkleognt@hotmail.com,"Quando o medo de nï¿½o estar vivendo ï¿½ maior que o medo da mudanï¿½a, o sujeito muda."
fcvflapgvj@yahoo.com,"Ser ou nï¿½o ser, eis a questï¿½o."
buavyuggka@gmail.com,"Escolhemos o que queremos, mas nï¿½o escolhemos querer o que queremos."
rubbyznjge@gmail.com,"Escolhemos o que queremos, mas nï¿½o escolhemos querer o que queremos."
klvproeitz@yahoo.com,"Quando o medo de nï¿½o estar vivendo ï¿½ maior que o medo da mudanï¿½a, o sujeito muda."
bgbfytdlcg@gmail.com,"Quando o medo de nï¿½o estar vivendo ï¿½ maior que o medo da mudanï¿½a, o sujeito muda."
mplfdtvqpo@yahoo.com,"Escolhemos o que queremos, mas nï¿½o escolhemos querer o que queremos."
vnhlrxpcjd@hotmail.com,Carpe Diem
uiizypzrru@hotmail.com,"Quando o medo de nï¿½o estar vivendo ï¿½ maior que o medo da mudanï¿½a, o sujeito muda."
boddtslugy@yahoo.com,"Escolhemos o que queremos, mas nï¿½o escolhemos querer o que queremos."
pmblzbagft@gmail.com,"Quando o medo de nï¿½o estar vivendo ï¿½ maior que o medo da mudanï¿½a, o sujeito muda."
oduwqzpfjg@hotmail.com,"Escolhemos o que queremos, mas nï¿½o escolhemos querer o que queremos."
dvyixzkafl@gmail.com,Carpe Diem
eimfstdlyv@gmail.com,"Escolhemos o que queremos, mas nï¿½o escolhemos querer o que queremos."
ntjvtbgada@hotmail.com,"Quando o medo de nï¿½o estar vivendo ï¿½ maior que o medo da mudanï¿½a, o sujeito muda."
ssjsorwedl@gmail.com,"Ser ou nï¿½o ser, eis a questï¿½o."
zijxahtjqh@gmail.com,"Escolhemos o que queremos, mas nï¿½o escolhemos querer o que queremos."
bclygiykbs@yahoo.com,"Ser ou nï¿½o ser, eis a questï¿½o."
lbszesmtid@gmail.com,Carpe Diem
eogeuhnfyx@gmail.com,"Quando o medo de nï¿½o estar vivendo ï¿½ maior que o medo da mudanï¿½a, o sujeito muda."
arqfszjvka@gmail.com,Carpe Diem
swdhxhyslo@hotmail.com,"Quando o medo de nï¿½o estar vivendo ï¿½ maior que o medo da mudanï¿½a, o sujeito muda."
uvaduunzya@gmail.com,Carpe Diem
xejoliopxo@gmail.com,"Escolhemos o que queremos, mas nï¿½o escolhemos querer o que queremos."
kfzrfanlra@hotmail.com,"Escolhemos o que queremos, mas nï¿½o escolhemos querer o que queremos."
qfxbxzcmcj@yahoo.com,"Ser ou nï¿½o ser, eis a questï¿½o."
ngyspkwhdb@gmail.com,"Ser ou nï¿½o ser, eis a questï¿½o."
vdbmsawrcs@hotmail.com,Carpe Diem
cswyjmunfs@hotmail.com,"Quando o medo de nï¿½o estar vivendo ï¿½ maior que o medo da mudanï¿½a, o sujeito muda."
rmnbfhwndn@hotmail.com,Carpe Diem
pcrypkoebf@yahoo.com,Carpe Diem
cefvfpghgu@hotmail.com,Carpe Diem
kexhiqtuym@gmail.com,"Ser ou nï¿½o ser, eis a questï¿½o."
jcsohpqmqu@gmail.com,"Escolhemos o que queremos, mas nï¿½o escolhemos querer o que queremos."
rvmgtdhght@hotmail.com,Carpe Diem
ndeqzklpjc@gmail.com,"Quando o medo de nï¿½o estar vivendo ï¿½ maior que o medo da mudanï¿½a, o sujeito muda."
ongndrvfyz@hotmail.com,"Escolhemos o que queremos, mas nï¿½o escolhemos querer o que queremos."
cbxrtibfso@gmail.com,Carpe Diem
sqvrgutmon@gmail.com,Carpe Diem
ufcnuduqsg@yahoo.com,"Escolhemos o que queremos, mas nï¿½o escolhemos querer o que queremos."
tvsgbdsckz@hotmail.com,Carpe Diem
uocahswfaq@hotmail.com,"Escolhemos o que queremos, mas nï¿½o escolhemos querer o que queremos."
oxcahymlxd@gmail.com,"Quando o medo de nï¿½o estar vivendo ï¿½ maior que o medo da mudanï¿½a, o sujeito muda."
yfqqvnawcq@gmail.com,"Escolhemos o que queremos, mas nï¿½o escolhemos querer o que queremos."
jlxsitcivb@gmail.com,"Quando o medo de nï¿½o estar vivendo ï¿½ maior que o medo da mudanï¿½a, o sujeito muda."
sxpwrzqdym@gmail.com,Carpe Diem
onnvuxrlvr@yahoo.com,Carpe Diem
cevlftkmfz@gmail.com,Carpe Diem
axbasdkxhq@gmail.com,"Escolhemos o que queremos, mas nï¿½o escolhemos querer o que queremos."
ehndpdsxhk@yahoo.com,"Ser ou nï¿½o ser, eis a questï¿½o."
uelmbntssi@hotmail.com,Carpe Diem
lrtkgtahfm@yahoo.com,"Escolhemos o que queremos, mas nï¿½o escolhemos querer o que queremos."
edmjiwbftp@hotmail.com,"Quando o medo de nï¿½o estar vivendo ï¿½ maior que o medo da mudanï¿½a, o sujeito muda."
iwgvqgzagm@gmail.com,"Ser ou nï¿½o ser, eis a questï¿½o."
awjeiyevbm@yahoo.com,"Escolhemos o que queremos, mas nï¿½o escolhemos querer o que queremos."
yhguzsnkrn@yahoo.com,Carpe Diem
jygsuqgykq@gmail.com,"Quando o medo de nï¿½o estar vivendo ï¿½ maior que o medo da mudanï¿½a, o sujeito muda."
llllapznhn@hotmail.com,Carpe Diem
vnjyeoreyy@yahoo.com,Carpe Diem
yqpypbmsvn@hotmail.com,"Escolhemos o que queremos, mas nï¿½o escolhemos querer o que queremos."
gpgqhhveqm@yahoo.com,Carpe Diem
eennhbjuwu@hotmail.com,Carpe Diem
veczqshwdn@gmail.com,Carpe Diem
wmaqpijqfk@yahoo.com,"Escolhemos o que queremos, mas nï¿½o escolhemos querer o que queremos."
xpenmogpfw@yahoo.com,"Escolhemos o que queremos, mas nï¿½o escolhemos querer o que queremos."
rgcxrkwwrg@yahoo.com,"Quando o medo de nï¿½o estar vivendo ï¿½ maior que o medo da mudanï¿½a, o sujeito muda."
aytlzdadoo@yahoo.com,"Escolhemos o que queremos, mas nï¿½o escolhemos querer o que queremos."
jgsbugdtjg@hotmail.com,Carpe Diem
xzykpieedc@gmail.com,Carpe Diem
khbwnlmmru@yahoo.com,"Escolhemos o que queremos, mas nï¿½o escolhemos querer o que queremos."
djtmjvhcjg@gmail.com,"Escolhemos o que queremos, mas nï¿½o escolhemos querer o que queremos."
njgmosejqq@gmail.com,Carpe Diem
htjebviafz@gmail.com,"Escolhemos o que queremos, mas nï¿½o escolhemos querer o que queremos."
ahcwmvkgcy@yahoo.com,Carpe Diem
ovmfnljdby@yahoo.com,Carpe Diem
rccqhqmvcp@yahoo.com,"Ser ou nï¿½o ser, eis a questï¿½o."
etbnudvejz@hotmail.com,Carpe Diem
zxcilwuwad@yahoo.com,"Escolhemos o que queremos, mas nï¿½o escolhemos querer o que queremos."
bnhqhmiqej@hotmail.com,"Ser ou nï¿½o ser, eis a questï¿½o."
ldgzvnbyhz@hotmail.com,Carpe Diem
pmicifopgl@yahoo.com,"Quando o medo de nï¿½o estar vivendo ï¿½ maior que o medo da mudanï¿½a, o sujeito muda."
wwalawjner@gmail.com,Carpe Diem
scuzafnxag@yahoo.com,Carpe Diem
clwepnducs@yahoo.com,Carpe Diem
pcielighoc@gmail.com,"Ser ou nï¿½o ser, eis a questï¿½o."
frldxqsfsx@hotmail.com,"Escolhemos o que queremos, mas nï¿½o escolhemos querer o que queremos."
uttfwxmtow@gmail.com,Carpe Diem
osqdvcjzpc@gmail.com,"Escolhemos o que queremos, mas nï¿½o escolhemos querer o que queremos."
lvpqdlnfsr@gmail.com,"Escolhemos o que queremos, mas nï¿½o escolhemos querer o que queremos."
fwwzojyirz@gmail.com,"Escolhemos o que queremos, mas nï¿½o escolhemos querer o que queremos."
ofeoqimyjt@hotmail.com,"Ser ou nï¿½o ser, eis a questï¿½o."
yygfqauwgd@hotmail.com,"Quando o medo de nï¿½o estar vivendo ï¿½ maior que o medo da mudanï¿½a, o sujeito muda."
gkfeamfdxv@gmail.com,"Quando o medo de nï¿½o estar vivendo ï¿½ maior que o medo da mudanï¿½a, o sujeito muda."
kmnsuwjoyb@hotmail.com,"Quando o medo de nï¿½o estar vivendo ï¿½ maior que o medo da mudanï¿½a, o sujeito muda."
dnrvqpvjxb@yahoo.com,"Ser ou nï¿½o ser, eis a questï¿½o."
qlansdduee@gmail.com,Carpe Diem
lcdhbwgfse@hotmail.com,Carpe Diem
obydxrmalp@gmail.com,"Quando o medo de nï¿½o estar vivendo ï¿½ maior que o medo da mudanï¿½a, o sujeito muda."
avopckzcwh@gmail.com,"Quando o medo de nï¿½o estar vivendo ï¿½ maior que o medo da mudanï¿½a, o sujeito muda."
knvtpftyyl@gmail.com,"Quando o medo de nï¿½o estar vivendo ï¿½ maior que o medo da mudanï¿½a, o sujeito muda."
bmfgfsstlk@gmail.com,"Escolhemos o que queremos, mas nï¿½o escolhemos querer o que queremos."
kofrpufrqf@yahoo.com,"Ser ou nï¿½o ser, eis a questï¿½o."
ragfocgyfx@gmail.com,"Quando o medo de nï¿½o estar vivendo ï¿½ maior que o medo da mudanï¿½a, o sujeito muda."
ugojbevdtv@gmail.com,"Ser ou nï¿½o ser, eis a questï¿½o."
iqkpqdlgfa@yahoo.com,"Ser ou nï¿½o ser, eis a questï¿½o."
rysvqgmqxz@yahoo.com,"Escolhemos o que queremos, mas nï¿½o escolhemos querer o que queremos."
biykvtpubv@hotmail.com,"Escolhemos o que queremos, mas nï¿½o escolhemos querer o que queremos."
cioktzxrwr@gmail.com,"Quando o medo de nï¿½o estar vivendo ï¿½ maior que o medo da mudanï¿½a, o sujeito muda."
qnhfveprau@hotmail.com,"Escolhemos o que queremos, mas nï¿½o escolhemos querer o que queremos."
pcjweeqyxu@hotmail.com,"Quando o medo de nï¿½o estar vivendo ï¿½ maior que o medo da mudanï¿½a, o sujeito muda."
pitugwfhpw@hotmail.com,"Quando o medo de nï¿½o estar vivendo ï¿½ maior que o medo da mudanï¿½a, o sujeito muda."
bfcotbrqfu@yahoo.com,"Quando o medo de nï¿½o estar vivendo ï¿½ maior que o medo da mudanï¿½a, o sujeito muda."
srsipcmdci@hotmail.com,"Ser ou nï¿½o ser, eis a questï¿½o."
czvncxhbmw@gmail.com,"Quando o medo de nï¿½o estar vivendo ï¿½ maior que o medo da mudanï¿½a, o sujeito muda."
scgsoqtntj@hotmail.com,"Escolhemos o que queremos, mas nï¿½o escolhemos querer o que queremos."
kzqxroywkm@yahoo.com,"Ser ou nï¿½o ser, eis a questï¿½o."
phdvqqjaqc@gmail.com,"Escolhemos o que queremos, mas nï¿½o escolhemos querer o que queremos."
vtoxquonwg@hotmail.com,Carpe Diem
iybbsdphvf@hotmail.com,"Ser ou nï¿½o ser, eis a questï¿½o."
ambvyoyfoo@gmail.com,"Quando o medo de nï¿½o estar vivendo ï¿½ maior que o medo da mudanï¿½a, o sujeito muda."
axkgepzeco@yahoo.com,"Ser ou nï¿½o ser, eis a questï¿½o."
ubrjpwmlua@hotmail.com,Carpe Diem
bjtwtpqmoc@yahoo.com,"Quando o medo de nï¿½o estar vivendo ï¿½ maior que o medo da mudanï¿½a, o sujeito muda."
araxryxnvo@gmail.com,"Ser ou nï¿½o ser, eis a questï¿½o."
gtxkzmpwig@yahoo.com,"Ser ou nï¿½o ser, eis a questï¿½o."
arjemggqrl@gmail.com,"Ser ou nï¿½o ser, eis a questï¿½o."
ajxqnkjfie@yahoo.com,"Ser ou nï¿½o ser, eis a questï¿½o."
kjkrndukxu@gmail.com,"Escolhemos o que queremos, mas nï¿½o escolhemos querer o que queremos."
malayeuyog@hotmail.com,"Escolhemos o que queremos, mas nï¿½o escolhemos querer o que queremos."
cehbsafjfo@hotmail.com,"Ser ou nï¿½o ser, eis a questï¿½o."
depsyoypcz@yahoo.com,"Escolhemos o que queremos, mas nï¿½o escolhemos querer o que queremos."
nytupxrhut@gmail.com,"Quando o medo de nï¿½o estar vivendo ï¿½ maior que o medo da mudanï¿½a, o sujeito muda."
komlhmxbma@yahoo.com,Carpe Diem
gecdawjcqk@gmail.com,"Ser ou nï¿½o ser, eis a questï¿½o."
ebtdfnigyn@hotmail.com,"Quando o medo de nï¿½o estar vivendo ï¿½ maior que o medo da mudanï¿½a, o sujeito muda."
axtjkveczt@yahoo.com,"Escolhemos o que queremos, mas nï¿½o escolhemos querer o que queremos."
wleuzelwgm@yahoo.com,"Escolhemos o que queremos, mas nï¿½o escolhemos querer o que queremos."
rnvypajmuu@yahoo.com,"Ser ou nï¿½o ser, eis a questï¿½o."
xbvrskafsp@yahoo.com,"Ser ou nï¿½o ser, eis a questï¿½o."
kjfoeefjrw@hotmail.com,"Escolhemos o que queremos, mas nï¿½o escolhemos querer o que queremos."
ndcrkbsxcq@yahoo.com,Carpe Diem
jgovzwwqqc@gmail.com,Carpe Diem
czeohotame@gmail.com,Carpe Diem
evbeokaths@gmail.com,"Escolhemos o que queremos, mas nï¿½o escolhemos querer o que queremos."
emdlcbdwie@gmail.com,"Quando o medo de nï¿½o estar vivendo ï¿½ maior que o medo da mudanï¿½a, o sujeito muda."
dmqoyxhxua@yahoo.com,Carpe Diem
smmfsiysba@hotmail.com,"Quando o medo de nï¿½o estar vivendo ï¿½ maior que o medo da mudanï¿½a, o sujeito muda."
kyfuydqagq@gmail.com,"Quando o medo de nï¿½o estar vivendo ï¿½ maior que o medo da mudanï¿½a, o sujeito muda."
memieqhjdj@yahoo.com,Carpe Diem
jhtrwzdnqk@yahoo.com,Carpe Diem
oefordvrti@gmail.com,"Ser ou nï¿½o ser, eis a questï¿½o."
smevffjkce@gmail.com,Carpe Diem
fbctmbhllf@gmail.com,"Escolhemos o que queremos, mas nï¿½o escolhemos querer o que queremos."
tolismnrtc@hotmail.com,Carpe Diem
znvngugiff@yahoo.com,"Escolhemos o que queremos, mas nï¿½o escolhemos querer o que queremos."
dpqjmcsjir@hotmail.com,"Quando o medo de nï¿½o estar vivendo ï¿½ maior que o medo da mudanï¿½a, o sujeito muda."
xtcgnyvzkq@yahoo.com,Carpe Diem
byxwddynra@yahoo.com,"Escolhemos o que queremos, mas nï¿½o escolhemos querer o que queremos."
oimkfdvywy@gmail.com,"Quando o medo de nï¿½o estar vivendo ï¿½ maior que o medo da mudanï¿½a, o sujeito muda."
ttrhavysml@hotmail.com,"Escolhemos o que queremos, mas nï¿½o escolhemos querer o que queremos."
adcyfuacps@gmail.com,"Ser ou nï¿½o ser, eis a questï¿½o."
qcehvlyjkq@hotmail.com,"Escolhemos o que queremos, mas nï¿½o escolhemos querer o que queremos."
pfenszvmjh@yahoo.com,"Quando o medo de nï¿½o estar vivendo ï¿½ maior que o medo da mudanï¿½a, o sujeito muda."
tnnxagkivf@yahoo.com,"Ser ou nï¿½o ser, eis a questï¿½o."
fzzzfbzlyj@gmail.com,Carpe Diem
dgcgczxzuc@gmail.com,"Ser ou nï¿½o ser, eis a questï¿½o."
yvssqqaecr@hotmail.com,"Quando o medo de nï¿½o estar vivendo ï¿½ maior que o medo da mudanï¿½a, o sujeito muda."
okgguehhke@yahoo.com,"Quando o medo de nï¿½o estar vivendo ï¿½ maior que o medo da mudanï¿½a, o sujeito muda."
dzjscsuvya@hotmail.com,"Ser ou nï¿½o ser, eis a questï¿½o."
hyxynzkrnb@hotmail.com,"Ser ou nï¿½o ser, eis a questï¿½o."
rbfrkvimiw@gmail.com,"Ser ou nï¿½o ser, eis a questï¿½o."
thfdljehbd@yahoo.com,"Escolhemos o que queremos, mas nï¿½o escolhemos querer o que queremos."
aogsvlwsab@hotmail.com,Carpe Diem
lyjlkedmid@hotmail.com,"Quando o medo de nï¿½o estar vivendo ï¿½ maior que o medo da mudanï¿½a, o sujeito muda."
ppwsufizkl@gmail.com,"Ser ou nï¿½o ser, eis a questï¿½o."
cgpakdnurc@hotmail.com,Carpe Diem
opvyrlcjre@gmail.com,"Ser ou nï¿½o ser, eis a questï¿½o."
dprkiittbs@gmail.com,Carpe Diem
pobthzijbm@yahoo.com,"Ser ou nï¿½o ser, eis a questï¿½o."
uxqtsbvaty@yahoo.com,Carpe Diem
rtwqmhhoau@yahoo.com,Carpe Diem
jvztdqoahe@gmail.com,"Quando o medo de nï¿½o estar vivendo ï¿½ maior que o medo da mudanï¿½a, o sujeito muda."
iqqldffvsv@hotmail.com,"Quando o medo de nï¿½o estar vivendo ï¿½ maior que o medo da mudanï¿½a, o sujeito muda."
jfdsgbpxyz@hotmail.com,Carpe Diem
uanpcevzfm@yahoo.com,"Quando o medo de nï¿½o estar vivendo ï¿½ maior que o medo da mudanï¿½a, o sujeito muda."
fkvtjhqcfs@yahoo.com,"Quando o medo de nï¿½o estar vivendo ï¿½ maior que o medo da mudanï¿½a, o sujeito muda."
welgsumdjz@gmail.com,"Escolhemos o que queremos, mas nï¿½o escolhemos querer o que queremos."
ltsodqujuo@hotmail.com,"Escolhemos o que queremos, mas nï¿½o escolhemos querer o que queremos."
ztehrxasaj@gmail.com,Carpe Diem
pgurrsjgvt@hotmail.com,"Escolhemos o que queremos, mas nï¿½o escolhemos querer o que queremos."
fxotxdzayx@gmail.com,"Ser ou nï¿½o ser, eis a questï¿½o."
lqtpldhytc@hotmail.com,Carpe Diem
qbuxgndvkf@gmail.com,"Quando o medo de nï¿½o estar vivendo ï¿½ maior que o medo da mudanï¿½a, o sujeito muda."
wyusxvyyfq@yahoo.com,"Ser ou nï¿½o ser, eis a questï¿½o."
xtkdhsrzhx@gmail.com,"Ser ou nï¿½o ser, eis a questï¿½o."
bxdzrkujvi@hotmail.com,"Quando o medo de nï¿½o estar vivendo ï¿½ maior que o medo da mudanï¿½a, o sujeito muda."
sjrtphnltn@yahoo.com,Carpe Diem
sjoevbmlgy@hotmail.com,Carpe Diem
hvrngpfxww@hotmail.com,"Ser ou nï¿½o ser, eis a questï¿½o."
qxiarnqskp@gmail.com,"Escolhemos o que queremos, mas nï¿½o escolhemos querer o que queremos."
frkcyhuirp@gmail.com,"Quando o medo de nï¿½o estar vivendo ï¿½ maior que o medo da mudanï¿½a, o sujeito muda."
ycdzygvvga@gmail.com,Carpe Diem
hwbewckcty@yahoo.com,"Escolhemos o que queremos, mas nï¿½o escolhemos querer o que queremos."
vrpfngstwx@gmail.com,Carpe Diem
oexzedpgne@hotmail.com,Carpe Diem
ddcewvdipp@gmail.com,"Quando o medo de nï¿½o estar vivendo ï¿½ maior que o medo da mudanï¿½a, o sujeito muda."
rvfdowlxuf@gmail.com,"Quando o medo de nï¿½o estar vivendo ï¿½ maior que o medo da mudanï¿½a, o sujeito muda."
lilgmemoye@yahoo.com,"Ser ou nï¿½o ser, eis a questï¿½o."
jbxogijhys@gmail.com,"Ser ou nï¿½o ser, eis a questï¿½o."
tbzpeyernb@yahoo.com,"Escolhemos o que queremos, mas nï¿½o escolhemos querer o que queremos."
pqzoujqdsd@gmail.com,"Quando o medo de nï¿½o estar vivendo ï¿½ maior que o medo da mudanï¿½a, o sujeito muda."
hqzvuexcva@gmail.com,Carpe Diem
tzqxjaljta@yahoo.com,"Ser ou nï¿½o ser, eis a questï¿½o."
vuiowxduyb@hotmail.com,Carpe Diem
ryzwmpsjfr@hotmail.com,"Escolhemos o que queremos, mas nï¿½o escolhemos querer o que queremos."
xuuqdpumoe@gmail.com,Carpe Diem
vjerkgxend@hotmail.com,"Quando o medo de nï¿½o estar vivendo ï¿½ maior que o medo da mudanï¿½a, o sujeito muda."
djyjkjvjwg@hotmail.com,Carpe Diem
hlxruwwgtm@gmail.com,"Quando o medo de nï¿½o estar vivendo ï¿½ maior que o medo da mudanï¿½a, o sujeito muda."
jfylbxzvrf@yahoo.com,"Escolhemos o que queremos, mas nï¿½o escolhemos querer o que queremos."
yilwcqykan@gmail.com,Carpe Diem
fvbeeaesgc@hotmail.com,"Ser ou nï¿½o ser, eis a questï¿½o."
corrjffypb@gmail.com,"Ser ou nï¿½o ser, eis a questï¿½o."
ppkcmaqyqs@yahoo.com,"Ser ou nï¿½o ser, eis a questï¿½o."
xyiqssdlvg@yahoo.com,Carpe Diem
kscdpkyltw@yahoo.com,"Escolhemos o que queremos, mas nï¿½o escolhemos querer o que queremos."
zownvwcmjm@hotmail.com,"Escolhemos o que queremos, mas nï¿½o escolhemos querer o que queremos."
tzgfxjdymv@hotmail.com,"Ser ou nï¿½o ser, eis a questï¿½o."
fzmjcymbgm@yahoo.com,"Ser ou nï¿½o ser, eis a questï¿½o."
jatjmgwljm@gmail.com,"Ser ou nï¿½o ser, eis a questï¿½o."
fhuswpqqgd@yahoo.com,"Ser ou nï¿½o ser, eis a questï¿½o."
mhgcthwrjs@yahoo.com,"Ser ou nï¿½o ser, eis a questï¿½o."
gthywdnkmu@yahoo.com,"Quando o medo de nï¿½o estar vivendo ï¿½ maior que o medo da mudanï¿½a, o sujeito muda."
hwfvpjzgrs@yahoo.com,Carpe Diem
angotkfrgr@hotmail.com,"Quando o medo de nï¿½o estar vivendo ï¿½ maior que o medo da mudanï¿½a, o sujeito muda."
apfojocifm@hotmail.com,"Escolhemos o que queremos, mas nï¿½o escolhemos querer o que queremos."
fksiarczkd@yahoo.com,Carpe Diem
ruhudrexlk@yahoo.com,"Quando o medo de nï¿½o estar vivendo ï¿½ maior que o medo da mudanï¿½a, o sujeito muda."
zdfdudlkdx@gmail.com,"Ser ou nï¿½o ser, eis a questï¿½o."
ztauuxqihy@hotmail.com,Carpe Diem
pnygfehgea@gmail.com,"Escolhemos o que queremos, mas nï¿½o escolhemos querer o que queremos."
mmgpzfzurh@hotmail.com,"Quando o medo de nï¿½o estar vivendo ï¿½ maior que o medo da mudanï¿½a, o sujeito muda."
owaufuwqey@yahoo.com,"Quando o medo de nï¿½o estar vivendo ï¿½ maior que o medo da mudanï¿½a, o sujeito muda."
epqieeommb@gmail.com,"Escolhemos o que queremos, mas nï¿½o escolhemos querer o que queremos."
jxcvqlimqm@yahoo.com,"Escolhemos o que queremos, mas nï¿½o escolhemos querer o que queremos."
ckfndimucx@yahoo.com,"Ser ou nï¿½o ser, eis a questï¿½o."
rcnkveyopu@hotmail.com,"Quando o medo de nï¿½o estar vivendo ï¿½ maior que o medo da mudanï¿½a, o sujeito muda."
ntmrqmzvfn@yahoo.com,Carpe Diem
gsszpupxxw@gmail.com,"Escolhemos o que queremos, mas nï¿½o escolhemos querer o que queremos."
frmtkignia@yahoo.com,"Escolhemos o que queremos, mas nï¿½o escolhemos querer o que queremos."
pjjjxubagu@yahoo.com,"Quando o medo de nï¿½o estar vivendo ï¿½ maior que o medo da mudanï¿½a, o sujeito muda."
ybpzwkqogr@gmail.com,"Quando o medo de nï¿½o estar vivendo ï¿½ maior que o medo da mudanï¿½a, o sujeito muda."
uezbvuzwgz@gmail.com,"Ser ou nï¿½o ser, eis a questï¿½o."
ecnexmafju@hotmail.com,"Ser ou nï¿½o ser, eis a questï¿½o."
wgvjkesymt@yahoo.com,"Ser ou nï¿½o ser, eis a questï¿½o."
qfkgzolwcl@hotmail.com,"Quando o medo de nï¿½o estar vivendo ï¿½ maior que o medo da mudanï¿½a, o sujeito muda."
pbklhugyfm@hotmail.com,"Quando o medo de nï¿½o estar vivendo ï¿½ maior que o medo da mudanï¿½a, o sujeito muda."
vdgzgibneb@gmail.com,"Escolhemos o que queremos, mas nï¿½o escolhemos querer o que queremos."
hfzpowgozc@hotmail.com,Carpe Diem
iotxsxfqmg@hotmail.com,Carpe Diem
ttvtrkessq@yahoo.com,Carpe Diem
glnqukbwas@gmail.com,Carpe Diem
mnvwetvmpo@hotmail.com,"Ser ou nï¿½o ser, eis a questï¿½o."
ztxgbpmrzu@yahoo.com,Carpe Diem
lneosogsrf@yahoo.com,"Ser ou nï¿½o ser, eis a questï¿½o."
izrmkqhnrc@gmail.com,"Ser ou nï¿½o ser, eis a questï¿½o."
plqknbgrdb@hotmail.com,"Escolhemos o que queremos, mas nï¿½o escolhemos querer o que queremos."
bwfxxeplaf@gmail.com,Carpe Diem
uvxvdzakxb@yahoo.com,"Quando o medo de nï¿½o estar vivendo ï¿½ maior que o medo da mudanï¿½a, o sujeito muda."
vbxnxgoyoo@gmail.com,"Escolhemos o que queremos, mas nï¿½o escolhemos querer o que queremos."
yhrhizlpyl@gmail.com,"Ser ou nï¿½o ser, eis a questï¿½o."
gizbguwwml@yahoo.com,"Quando o medo de nï¿½o estar vivendo ï¿½ maior que o medo da mudanï¿½a, o sujeito muda."
email,frase
jrdymuotky@yahoo.com,"Quando o medo de nï¿½o estar vivendo ï¿½ maior que o medo da mudanï¿½a, o sujeito muda."
elkezpcrht@hotmail.com,"Escolhemos o que queremos, mas nï¿½o escolhemos querer o que queremos."
dawayxxaxs@gmail.com,Carpe Diem
exwcsjxnni@yahoo.com,"Ser ou nï¿½o ser, eis a questï¿½o."
jkfnhlzeri@hotmail.com,"Ser ou nï¿½o ser, eis a questï¿½o."
tysgrshypb@gmail.com,"Escolhemos o que queremos, mas nï¿½o escolhemos querer o que queremos."
ykbhhtjels@hotmail.com,"Ser ou nï¿½o ser, eis a questï¿½o."
rgeytbdfnx@hotmail.com,"Escolhemos o que queremos, mas nï¿½o escolhemos querer o que queremos."
fgfpszaaec@yahoo.com,Carpe Diem
pxbibgupql@gmail.com,"Quando o medo de nï¿½o estar vivendo ï¿½ maior que o medo da mudanï¿½a, o sujeito muda."
vnhwkfponi@yahoo.com,"Escolhemos o que queremos, mas nï¿½o escolhemos querer o que queremos."
rcniaxshbi@yahoo.com,"Escolhemos o que queremos, mas nï¿½o escolhemos querer o que queremos."
bnpaaaszdt@hotmail.com,Carpe Diem
lybobmvfwa@hotmail.com,Carpe Diem
qznmqabaws@hotmail.com,"Quando o medo de nï¿½o estar vivendo ï¿½ maior que o medo da mudanï¿½a, o sujeito muda."
ubhruneisg@gmail.com,"Quando o medo de nï¿½o estar vivendo ï¿½ maior que o medo da mudanï¿½a, o sujeito muda."
nbjgwjpvve@yahoo.com,"Quando o medo de nï¿½o estar vivendo ï¿½ maior que o medo da mudanï¿½a, o sujeito muda."
wckkjfwefv@gmail.com,"Escolhemos o que queremos, mas nï¿½o escolhemos querer o que queremos."
cnledqjbwt@gmail.com,"Quando o medo de nï¿½o estar vivendo ï¿½ maior que o medo da mudanï¿½a, o sujeito muda."
uuimcsqxan@gmail.com,"Escolhemos o que queremos, mas nï¿½o escolhemos querer o que queremos."
ttjycndriz@gmail.com,"Ser ou nï¿½o ser, eis a questï¿½o."
fcsslxcybj@hotmail.com,"Quando o medo de nï¿½o estar vivendo ï¿½ maior que o medo da mudanï¿½a, o sujeito muda."
nybtdouzlv@gmail.com,"Ser ou nï¿½o ser, eis a questï¿½o."
oqsupworhl@yahoo.com,"Escolhemos o que queremos, mas nï¿½o escolhemos querer o que queremos."
wvarjczrwz@hotmail.com,Carpe Diem
jarltfgzva@hotmail.com,"Quando o medo de nï¿½o estar vivendo ï¿½ maior que o medo da mudanï¿½a, o sujeito muda."
mlxlktdetr@gmail.com,"Escolhemos o que queremos, mas nï¿½o escolhemos querer o que queremos."
ipgtoxjtlz@gmail.com,Carpe Diem
wvypastwdw@hotmail.com,Carpe Diem
fuvogjolex@gmail.com,"Escolhemos o que queremos, mas nï¿½o escolhemos querer o que queremos."
mhabilrnbf@gmail.com,"Ser ou nï¿½o ser, eis a questï¿½o."
lbzmqklcli@gmail.com,"Escolhemos o que queremos, mas nï¿½o escolhemos querer o que queremos."
dffkvivccd@gmail.com,"Ser ou nï¿½o ser, eis a questï¿½o."
vmmdiyqbdi@yahoo.com,"Quando o medo de nï¿½o estar vivendo ï¿½ maior que o medo da mudanï¿½a, o sujeito muda."
jnudvaximm@hotmail.com,"Quando o medo de nï¿½o estar vivendo ï¿½ maior que o medo da mudanï¿½a, o sujeito muda."
mlwtvtygfb@yahoo.com,Carpe Diem
mronhooeam@hotmail.com,"Ser ou nï¿½o ser, eis a questï¿½o."
qltengaewv@gmail.com,"Escolhemos o que queremos, mas nï¿½o escolhemos querer o que queremos."
anbtpkfvhm@hotmail.com,Carpe Diem
ebrljmnapq@hotmail.com,Carpe Diem
nowabxxzlg@hotmail.com,"Quando o medo de nï¿½o estar vivendo ï¿½ maior que o medo da mudanï¿½a, o sujeito muda."
vbzclzwntz@hotmail.com,"Ser ou nï¿½o ser, eis a questï¿½o."
zvzzvplaen@gmail.com,"Quando o medo de nï¿½o estar vivendo ï¿½ maior que o medo da mudanï¿½a, o sujeito muda."
ktrpdiqmbu@yahoo.com,"Ser ou nï¿½o ser, eis a questï¿½o."
gazlbulxnq@yahoo.com,Carpe Diem
iclwrgnuah@gmail.com,"Ser ou nï¿½o ser, eis a questï¿½o."
ueyesnpgmx@yahoo.com,Carpe Diem
ybulvugtfy@yahoo.com,"Escolhemos o que queremos, mas nï¿½o escolhemos querer o que queremos."
iuhnjpvkpf@gmail.com,"Escolhemos o que queremos, mas nï¿½o escolhemos querer o que queremos."
qutieuquqe@hotmail.com,"Ser ou nï¿½o ser, eis a questï¿½o."
gqkxytwdrd@hotmail.com,"Escolhemos o que queremos, mas nï¿½o escolhemos querer o que queremos."
ogsxzotgbc@yahoo.com,"Ser ou nï¿½o ser, eis a questï¿½o."
pmttnwnbfo@yahoo.com,"Ser ou nï¿½o ser, eis a questï¿½o."
qfzoxmuefo@yahoo.com,"Ser ou nï¿½o ser, eis a questï¿½o."
nibyqzebxu@gmail.com,"Ser ou nï¿½o ser, eis a questï¿½o."
nythlbbikn@yahoo.com,"Quando o medo de nï¿½o estar vivendo ï¿½ maior que o medo da mudanï¿½a, o sujeito muda."
ecwjondege@gmail.com,"Ser ou nï¿½o ser, eis a questï¿½o."
dldfjmlzhh@gmail.com,"Ser ou nï¿½o ser, eis a questï¿½o."
vwdqrdcgrx@yahoo.com,"Ser ou nï¿½o ser, eis a questï¿½o."
bkmngshdbe@gmail.com,"Ser ou nï¿½o ser, eis a questï¿½o."
bjzzphsavk@gmail.com,"Quando o medo de nï¿½o estar vivendo ï¿½ maior que o medo da mudanï¿½a, o sujeito muda."
imitgucejq@gmail.com,Carpe Diem
dnkmyannpk@hotmail.com,"Escolhemos o que queremos, mas nï¿½o escolhemos querer o que queremos."
slacdwvcav@hotmail.com,"Escolhemos o que queremos, mas nï¿½o escolhemos querer o que queremos."
groiukiakd@hotmail.com,Carpe Diem
ybgboehvva@gmail.com,"Quando o medo de nï¿½o estar vivendo ï¿½ maior que o medo da mudanï¿½a, o sujeito muda."
dgguregrnc@hotmail.com,Carpe Diem
rdqzomimgg@yahoo.com,"Ser ou nï¿½o ser, eis a questï¿½o."
vufezylgvi@hotmail.com,"Quando o medo de nï¿½o estar vivendo ï¿½ maior que o medo da mudanï¿½a, o sujeito muda."
fssgeavsmq@yahoo.com,"Escolhemos o que queremos, mas nï¿½o escolhemos querer o que queremos."
djfufaagnm@yahoo.com,Carpe Diem
ihfltphjiz@gmail.com,"Ser ou nï¿½o ser, eis a questï¿½o."
bmojeucasd@hotmail.com,"Quando o medo de nï¿½o estar vivendo ï¿½ maior que o medo da mudanï¿½a, o sujeito muda."
naykikhpro@hotmail.com,"Quando o medo de nï¿½o estar vivendo ï¿½ maior que o medo da mudanï¿½a, o sujeito muda."
rwmltkhhkq@yahoo.com,"Quando o medo de nï¿½o estar vivendo ï¿½ maior que o medo da mudanï¿½a, o sujeito muda."
vnnwospkbt@gmail.com,"Quando o medo de nï¿½o estar vivendo ï¿½ maior que o medo da mudanï¿½a, o sujeito muda."
rqbckxipan@hotmail.com,Carpe Diem
fswevisryt@yahoo.com,"Quando o medo de nï¿½o estar vivendo ï¿½ maior que o medo da mudanï¿½a, o sujeito muda."
uwolgcxugb@yahoo.com,"Escolhemos o que queremos, mas nï¿½o escolhemos querer o que queremos."
jyjmfnwigo@gmail.com,Carpe Diem
phfyphylbg@yahoo.com,Carpe Diem
fbyxslxgad@hotmail.com,"Escolhemos o que queremos, mas nï¿½o escolhemos querer o que queremos."
rdmtwtibqt@yahoo.com,"Quando o medo de nï¿½o estar vivendo ï¿½ maior que o medo da mudanï¿½a, o sujeito muda."
otbiynnuao@hotmail.com,Carpe Diem
dnruzdlgac@hotmail.com,"Quando o medo de nï¿½o estar vivendo ï¿½ maior que o medo da mudanï¿½a, o sujeito muda."
vhdbrhfocx@gmail.com,"Ser ou nï¿½o ser, eis a questï¿½o."
wmfxrhifql@gmail.com,"Quando o medo de nï¿½o estar vivendo ï¿½ maior que o medo da mudanï¿½a, o sujeito muda."
peccigjmxt@gmail.com,Carpe Diem
hfenzerpse@yahoo.com,"Escolhemos o que queremos, mas nï¿½o escolhemos querer o que queremos."
vqqgcxpmwr@gmail.com,Carpe Diem
nupmyrwvrw@hotmail.com,"Escolhemos o que queremos, mas nï¿½o escolhemos querer o que queremos."
qutwaizydm@hotmail.com,"Ser ou nï¿½o ser, eis a questï¿½o."
xckmhgeeha@gmail.com,"Ser ou nï¿½o ser, eis a questï¿½o."
wzxybrbifl@yahoo.com,"Quando o medo de nï¿½o estar vivendo ï¿½ maior que o medo da mudanï¿½a, o sujeito muda."
srgqpklkzu@gmail.com,"Ser ou nï¿½o ser, eis a questï¿½o."
kjklainkdg@hotmail.com,Carpe Diem
blbgdclmaw@hotmail.com,"Escolhemos o que queremos, mas nï¿½o escolhemos querer o que queremos."
mcrljzihgp@gmail.com,Carpe Diem
xsjsezrouf@gmail.com,Carpe Diem
usycatxufu@yahoo.com,Carpe Diem
dqdccwhgyq@yahoo.com,Carpe Diem
tjsqmovxzd@yahoo.com,"Quando o medo de nï¿½o estar vivendo ï¿½ maior que o medo da mudanï¿½a, o sujeito muda."
ltsiubgpnw@gmail.com,"Escolhemos o que queremos, mas nï¿½o escolhemos querer o que queremos."
mihesrbsbu@gmail.com,"Escolhemos o que queremos, mas nï¿½o escolhemos querer o que queremos."
wkiobvoteo@hotmail.com,Carpe Diem
gersgegsvn@yahoo.com,"Ser ou nï¿½o ser, eis a questï¿½o."
arytdkqmfh@yahoo.com,"Quando o medo de nï¿½o estar vivendo ï¿½ maior que o medo da mudanï¿½a, o sujeito muda."
acgptzoncf@gmail.com,"Escolhemos o que queremos, mas nï¿½o escolhemos querer o que queremos."
xqcajrrezb@yahoo.com,"Ser ou nï¿½o ser, eis a questï¿½o."
uqyjmmbsla@gmail.com,"Ser ou nï¿½o ser, eis a questï¿½o."
uqpamxdsnp@gmail.com,"Ser ou nï¿½o ser, eis a questï¿½o."
dvghpmdpts@hotmail.com,"Escolhemos o que queremos, mas nï¿½o escolhemos querer o que queremos."
ehfkqfoarc@hotmail.com,"Quando o medo de nï¿½o estar vivendo ï¿½ maior que o medo da mudanï¿½a, o sujeito muda."
jwnrimomfj@yahoo.com,Carpe Diem
jcsvoouyvm@gmail.com,"Quando o medo de nï¿½o estar vivendo ï¿½ maior que o medo da mudanï¿½a, o sujeito muda."
huoznvweft@yahoo.com,"Quando o medo de nï¿½o estar vivendo ï¿½ maior que o medo da mudanï¿½a, o sujeito muda."
qwxqwsplkj@gmail.com,"Ser ou nï¿½o ser, eis a questï¿½o."
qisirjishv@yahoo.com,"Escolhemos o que queremos, mas nï¿½o escolhemos querer o que queremos."
srgqfuidvh@hotmail.com,"Escolhemos o que queremos, mas nï¿½o escolhemos querer o que queremos."
tlmxmdsjfu@gmail.com,"Escolhemos o que queremos, mas nï¿½o escolhemos querer o que queremos."
vgeiheakxf@gmail.com,"Quando o medo de nï¿½o estar vivendo ï¿½ maior que o medo da mudanï¿½a, o sujeito muda."
qhlfuggyqq@hotmail.com,Carpe Diem
ixjryoanti@gmail.com,"Escolhemos o que queremos, mas nï¿½o escolhemos querer o que queremos."
qtpqhaxzqi@gmail.com,"Quando o medo de nï¿½o estar vivendo ï¿½ maior que o medo da mudanï¿½a, o sujeito muda."
gffwdshqye@yahoo.com,"Quando o medo de nï¿½o estar vivendo ï¿½ maior que o medo da mudanï¿½a, o sujeito muda."
ggkyyqzfbr@gmail.com,"Quando o medo de nï¿½o estar vivendo ï¿½ maior que o medo da mudanï¿½a, o sujeito muda."
wkiykpmcdk@yahoo.com,"Escolhemos o que queremos, mas nï¿½o escolhemos querer o que queremos."
bhygpkjuga@gmail.com,"Quando o medo de nï¿½o estar vivendo ï¿½ maior que o medo da mudanï¿½a, o sujeito muda."
lajedpcdof@gmail.com,Carpe Diem
sycrdccjod@yahoo.com,"Ser ou nï¿½o ser, eis a questï¿½o."
fpumyorclz@hotmail.com,"Quando o medo de nï¿½o estar vivendo ï¿½ maior que o medo da mudanï¿½a, o sujeito muda."
omwyuwnjfv@hotmail.com,"Ser ou nï¿½o ser, eis a questï¿½o."
qyuvrlkscl@hotmail.com,"Ser ou nï¿½o ser, eis a questï¿½o."
zwpmzoiapt@yahoo.com,"Ser ou nï¿½o ser, eis a questï¿½o."
eftbjlzfli@yahoo.com,"Ser ou nï¿½o ser, eis a questï¿½o."
xskmnuzjlw@hotmail.com,Carpe Diem
xvvghvkirj@hotmail.com,"Ser ou nï¿½o ser, eis a questï¿½o."
vspwlzanet@hotmail.com,Carpe Diem
dlhfkjufme@hotmail.com,"Escolhemos o que queremos, mas nï¿½o escolhemos querer o que queremos."
qgqntvsqjg@yahoo.com,"Escolhemos o que queremos, mas nï¿½o escolhemos querer o que queremos."
alfffnhbpp@yahoo.com,"Ser ou nï¿½o ser, eis a questï¿½o."
ljjfhwzwfd@gmail.com,"Quando o medo de nï¿½o estar vivendo ï¿½ maior que o medo da mudanï¿½a, o sujeito muda."
liwqpuqfve@hotmail.com,Carpe Diem
boowqkfqjh@hotmail.com,Carpe Diem
wjtlwwtbsn@hotmail.com,"Quando o medo de nï¿½o estar vivendo ï¿½ maior que o medo da mudanï¿½a, o sujeito muda."
vylngdjhka@hotmail.com,"Quando o medo de nï¿½o estar vivendo ï¿½ maior que o medo da mudanï¿½a, o sujeito muda."
nwnriukbdm@hotmail.com,"Ser ou nï¿½o ser, eis a questï¿½o."
xamuocozsh@yahoo.com,"Ser ou nï¿½o ser, eis a questï¿½o."
bvormndsao@hotmail.com,"Ser ou nï¿½o ser, eis a questï¿½o."
xqsemknwdr@yahoo.com,"Ser ou nï¿½o ser, eis a questï¿½o."
oyfxsblraw@gmail.com,"Quando o medo de nï¿½o estar vivendo ï¿½ maior que o medo da mudanï¿½a, o sujeito muda."
yxyqoaevno@gmail.com,"Ser ou nï¿½o ser, eis a questï¿½o."
weinbkavmp@hotmail.com,"Quando o medo de nï¿½o estar vivendo ï¿½ maior que o medo da mudanï¿½a, o sujeito muda."
pytkdpqinn@hotmail.com,"Escolhemos o que queremos, mas nï¿½o escolhemos querer o que queremos."
zceazotyyj@gmail.com,"Ser ou nï¿½o ser, eis a questï¿½o."
nrnhinbehh@hotmail.com,"Quando o medo de nï¿½o estar vivendo ï¿½ maior que o medo da mudanï¿½a, o sujeito muda."
jlveytkbfa@gmail.com,"Quando o medo de nï¿½o estar vivendo ï¿½ maior que o medo da mudanï¿½a, o sujeito muda."
opodbiovku@hotmail.com,Carpe Diem
tncxqbrhtc@yahoo.com,"Quando o medo de nï¿½o estar vivendo ï¿½ maior que o medo da mudanï¿½a, o sujeito muda."
yyqneupeti@yahoo.com,"Ser ou nï¿½o ser, eis a questï¿½o."
dkewqrcemv@hotmail.com,"Escolhemos o que queremos, mas nï¿½o escolhemos querer o que queremos."
hocvrfmspl@hotmail.com,Carpe Diem
onjlvuzifw@hotmail.com,Carpe Diem
sfbfzkfyqc@hotmail.com,"Escolhemos o que queremos, mas nï¿½o escolhemos querer o que queremos."
rdzkknzrkn@yahoo.com,"Escolhemos o que queremos, mas nï¿½o escolhemos querer o que queremos."
xmzlaikebw@yahoo.com,"Ser ou nï¿½o ser, eis a questï¿½o."
kbawsngkti@gmail.com,Carpe Diem
odhtotmnkh@hotmail.com,Carpe Diem
hwszaxqogq@gmail.com,Carpe Diem
xpzblqlary@gmail.com,"Ser ou nï¿½o ser, eis a questï¿½o."
dtirfjqary@gmail.com,"Escolhemos o que queremos, mas nï¿½o escolhemos querer o que queremos."
vsweimpdno@gmail.com,"Ser ou nï¿½o ser, eis a questï¿½o."
lsftilpeva@yahoo.com,Carpe Diem
isyibjzwgj@gmail.com,"Ser ou nï¿½o ser, eis a questï¿½o."
hbodldpzxp@yahoo.com,"Escolhemos o que queremos, mas nï¿½o escolhemos querer o que queremos."
gecqehuvse@hotmail.com,Carpe Diem
kzvgjkleeb@hotmail.com,Carpe Diem
ucheuxgkqv@yahoo.com,"Ser ou nï¿½o ser, eis a questï¿½o."
cqulasfudb@gmail.com,"Quando o medo de nï¿½o estar vivendo ï¿½ maior que o medo da mudanï¿½a, o sujeito muda."
lfitoljhcx@hotmail.com,"Quando o medo de nï¿½o estar vivendo ï¿½ maior que o medo da mudanï¿½a, o sujeito muda."
kagtfcobwt@yahoo.com,Carpe Diem
hxqhbgdulx@gmail.com,"Ser ou nï¿½o ser, eis a questï¿½o."
fyjlyrwvub@hotmail.com,"Ser ou nï¿½o ser, eis a questï¿½o."
cudzwcbxnt@yahoo.com,"Ser ou nï¿½o ser, eis a questï¿½o."
cebqcwjbfa@hotmail.com,"Escolhemos o que queremos, mas nï¿½o escolhemos querer o que queremos."
tmnxjwdebs@yahoo.com,"Escolhemos o que queremos, mas nï¿½o escolhemos querer o que queremos."
ngcvftssdt@hotmail.com,"Quando o medo de nï¿½o estar vivendo ï¿½ maior que o medo da mudanï¿½a, o sujeito muda."
xxfzodrkrw@gmail.com,"Ser ou nï¿½o ser, eis a questï¿½o."
mccayjdnvo@gmail.com,"Ser ou nï¿½o ser, eis a questï¿½o."
iljwsswsys@hotmail.com,Carpe Diem
fmcofayjmx@hotmail.com,"Ser ou nï¿½o ser, eis a questï¿½o."
eocszvklqp@hotmail.com,"Ser ou nï¿½o ser, eis a questï¿½o."
knzjnvqzzf@gmail.com,Carpe Diem
myxdynftfi@hotmail.com,Carpe Diem
edxvqfqjcr@hotmail.com,Carpe Diem
ptadzbeikc@hotmail.com,"Quando o medo de nï¿½o estar vivendo ï¿½ maior que o medo da mudanï¿½a, o sujeito muda."
ksyexkmivj@gmail.com,"Escolhemos o que queremos, mas nï¿½o escolhemos querer o que queremos."
wltvfsgwuv@yahoo.com,"Ser ou nï¿½o ser, eis a questï¿½o."
wcvqrmhgxg@yahoo.com,"Quando o medo de nï¿½o estar vivendo ï¿½ maior que o medo da mudanï¿½a, o sujeito muda."
khmhqfpgph@yahoo.com,"Escolhemos o que queremos, mas nï¿½o escolhemos querer o que queremos."
oquhmtutsg@yahoo.com,"Ser ou nï¿½o ser, eis a questï¿½o."
gqzlsikhfg@gmail.com,"Quando o medo de nï¿½o estar vivendo ï¿½ maior que o medo da mudanï¿½a, o sujeito muda."
hskjizxhae@yahoo.com,Carpe Diem
gvpvrrtczt@gmail.com,"Ser ou nï¿½o ser, eis a questï¿½o."
sewkwdemyz@yahoo.com,"Quando o medo de nï¿½o estar vivendo ï¿½ maior que o medo da mudanï¿½a, o sujeito muda."
dlobilzche@gmail.com,"Ser ou nï¿½o ser, eis a questï¿½o."
rdtbgnnuuc@hotmail.com,Carpe Diem
fvzqbhiole@hotmail.com,"Escolhemos o que queremos, mas nï¿½o escolhemos querer o que queremos."
sfhaxurmto@gmail.com,"Escolhemos o que queremos, mas nï¿½o escolhemos querer o que queremos."
yefmfqmfga@hotmail.com,"Escolhemos o que queremos, mas nï¿½o escolhemos querer o que queremos."
uxbwnsvcqt@gmail.com,"Escolhemos o que queremos, mas nï¿½o escolhemos querer o que queremos."
fouskcmado@yahoo.com,"Quando o medo de nï¿½o estar vivendo ï¿½ maior que o medo da mudanï¿½a, o sujeito muda."
sgdzhbasra@gmail.com,"Quando o medo de nï¿½o estar vivendo ï¿½ maior que o medo da mudanï¿½a, o sujeito muda."
pqfscblcyu@gmail.com,"Quando o medo de nï¿½o estar vivendo ï¿½ maior que o medo da mudanï¿½a, o sujeito muda."
znhjjhzmgo@hotmail.com,"Escolhemos o que queremos, mas nï¿½o escolhemos querer o que queremos."
bgwljuovpm@hotmail.com,"Ser ou nï¿½o ser, eis a questï¿½o."
tstawlqchx@gmail.com,"Quando o medo de nï¿½o estar vivendo ï¿½ maior que o medo da mudanï¿½a, o sujeito muda."
zszgifapad@hotmail.com,"Escolhemos o que queremos, mas nï¿½o escolhemos querer o que queremos."
hwxfrccrdt@yahoo.com,"Quando o medo de nï¿½o estar vivendo ï¿½ maior que o medo da mudanï¿½a, o sujeito muda."
zuujanenrd@hotmail.com,"Quando o medo de nï¿½o estar vivendo ï¿½ maior que o medo da mudanï¿½a, o sujeito muda."
stxnlfayjr@hotmail.com,"Escolhemos o que queremos, mas nï¿½o escolhemos querer o que queremos."
ieojmkacvi@hotmail.com,"Ser ou nï¿½o ser, eis a questï¿½o."
eefaymdcyu@gmail.com,"Ser ou nï¿½o ser, eis a questï¿½o."
dbetutdavw@hotmail.com,"Escolhemos o que queremos, mas nï¿½o escolhemos querer o que queremos."
bwxjjskktf@gmail.com,"Escolhemos o que queremos, mas nï¿½o escolhemos querer o que queremos."
bbjayreubc@yahoo.com,"Quando o medo de nï¿½o estar vivendo ï¿½ maior que o medo da mudanï¿½a, o sujeito muda."
krnzpcjfap@gmail.com,"Quando o medo de nï¿½o estar vivendo ï¿½ maior que o medo da mudanï¿½a, o sujeito muda."
pnkefkbzjm@hotmail.com,Carpe Diem
gcwxbyqkfr@hotmail.com,"Escolhemos o que queremos, mas nï¿½o escolhemos querer o que queremos."
bfitqgxkcl@hotmail.com,Carpe Diem
sljylfcwjd@hotmail.com,"Ser ou nï¿½o ser, eis a questï¿½o."
fgdlxzfuzn@hotmail.com,"Ser ou nï¿½o ser, eis a questï¿½o."
moaqxvcrdt@yahoo.com,"Quando o medo de nï¿½o estar vivendo ï¿½ maior que o medo da mudanï¿½a, o sujeito muda."
khhujzaxzk@hotmail.com,Carpe Diem
qzifhstrno@yahoo.com,Carpe Diem
hnqarncbxs@hotmail.com,"Quando o medo de nï¿½o estar vivendo ï¿½ maior que o medo da mudanï¿½a, o sujeito muda."
ziovxhzjrv@gmail.com,Carpe Diem
txykivygyg@gmail.com,Carpe Diem
tqycdvtwpz@yahoo.com,"Escolhemos o que queremos, mas nï¿½o escolhemos querer o que queremos."
xwzrsgfrhm@hotmail.com,"Quando o medo de nï¿½o estar vivendo ï¿½ maior que o medo da mudanï¿½a, o sujeito muda."
izfitbtkac@yahoo.com,Carpe Diem
xcpcqsmjmu@yahoo.com,"Quando o medo de nï¿½o estar vivendo ï¿½ maior que o medo da mudanï¿½a, o sujeito muda."
jwbucworrp@hotmail.com,"Escolhemos o que queremos, mas nï¿½o escolhemos querer o que queremos."
rovqbrhije@hotmail.com,"Escolhemos o que queremos, mas nï¿½o escolhemos querer o que queremos."
kmyfnowtbf@yahoo.com,Carpe Diem
uuklzjrfih@gmail.com,"Escolhemos o que queremos, mas nï¿½o escolhemos querer o que queremos."
dezoayvjoj@hotmail.com,"Escolhemos o que queremos, mas nï¿½o escolhemos querer o que queremos."
aiqcjhxywj@gmail.com,"Ser ou nï¿½o ser, eis a questï¿½o."
bcyxboludh@yahoo.com,"Escolhemos o que queremos, mas nï¿½o escolhemos querer o que queremos."
iywphdylco@hotmail.com,"Ser ou nï¿½o ser, eis a questï¿½o."
vrmyyzkpxk@hotmail.com,"Escolhemos o que queremos, mas nï¿½o escolhemos querer o que queremos."
qetaqomdpl@hotmail.com,"Ser ou nï¿½o ser, eis a questï¿½o."
tlhecsmvik@hotmail.com,"Escolhemos o que queremos, mas nï¿½o escolhemos querer o que queremos."
yryoachrzo@yahoo.com,"Ser ou nï¿½o ser, eis a questï¿½o."
lnqircgldt@gmail.com,"Quando o medo de nï¿½o estar vivendo ï¿½ maior que o medo da mudanï¿½a, o sujeito muda."
ajwdujlili@gmail.com,"Ser ou nï¿½o ser, eis a questï¿½o."
mmnmuiewop@hotmail.com,"Ser ou nï¿½o ser, eis a questï¿½o."
gfnbpxxjmh@hotmail.com,"Quando o medo de nï¿½o estar vivendo ï¿½ maior que o medo da mudanï¿½a, o sujeito muda."
unkjbwfdos@hotmail.com,"Escolhemos o que queremos, mas nï¿½o escolhemos querer o que queremos."
vhzxusazfu@hotmail.com,Carpe Diem
fersqazsdq@gmail.com,Carpe Diem
jmcmagjbkr@yahoo.com,Carpe Diem
qbeodlyqxr@hotmail.com,"Ser ou nï¿½o ser, eis a questï¿½o."
fyulfmtkkx@hotmail.com,"Ser ou nï¿½o ser, eis a questï¿½o."
nqkkuxyvit@yahoo.com,"Ser ou nï¿½o ser, eis a questï¿½o."
rifxpehafw@gmail.com,"Escolhemos o que queremos, mas nï¿½o escolhemos querer o que queremos."
znbtksnqxj@yahoo.com,"Quando o medo de nï¿½o estar vivendo ï¿½ maior que o medo da mudanï¿½a, o sujeito muda."
yttmutcdfg@gmail.com,"Quando o medo de nï¿½o estar vivendo ï¿½ maior que o medo da mudanï¿½a, o sujeito muda."
gmraszajho@gmail.com,"Ser ou nï¿½o ser, eis a questï¿½o."
fqxgwvqrcc@gmail.com,"Ser ou nï¿½o ser, eis a questï¿½o."
icvwekklxj@gmail.com,"Ser ou nï¿½o ser, eis a questï¿½o."
pshhmyamhd@yahoo.com,"Ser ou nï¿½o ser, eis a questï¿½o."
alukufbpmh@yahoo.com,"Quando o medo de nï¿½o estar vivendo ï¿½ maior que o medo da mudanï¿½a, o sujeito muda."
xpmjbnmdlt@hotmail.com,Carpe Diem
uasermjtbk@gmail.com,"Ser ou nï¿½o ser, eis a questï¿½o."
iszdlmsctx@yahoo.com,"Escolhemos o que queremos, mas nï¿½o escolhemos querer o que queremos."
wnvobsaafm@hotmail.com,"Ser ou nï¿½o ser, eis a questï¿½o."
fgffozenua@gmail.com,"Escolhemos o que queremos, mas nï¿½o escolhemos querer o que queremos."
bdwsrbwcss@gmail.com,Carpe Diem
psjkeqinvt@hotmail.com,Carpe Diem
cpujizjoaa@hotmail.com,"Ser ou nï¿½o ser, eis a questï¿½o."
znzdmjutek@gmail.com,"Escolhemos o que queremos, mas nï¿½o escolhemos querer o que queremos."
kuqsfuxprx@yahoo.com,Carpe Diem
hylzbjcysm@gmail.com,"Ser ou nï¿½o ser, eis a questï¿½o."
fxbltrnmss@hotmail.com,Carpe Diem
slkdigdwdr@hotmail.com,"Quando o medo de nï¿½o estar vivendo ï¿½ maior que o medo da mudanï¿½a, o sujeito muda."
abqylllasg@gmail.com,"Ser ou nï¿½o ser, eis a questï¿½o."
osezzcukqb@yahoo.com,"Escolhemos o que queremos, mas nï¿½o escolhemos querer o que queremos."
zlceayglij@hotmail.com,"Quando o medo de nï¿½o estar vivendo ï¿½ maior que o medo da mudanï¿½a, o sujeito muda."
mrzutnvjgn@yahoo.com,"Quando o medo de nï¿½o estar vivendo ï¿½ maior que o medo da mudanï¿½a, o sujeito muda."
vlqjrzcvvh@yahoo.com,"Quando o medo de nï¿½o estar vivendo ï¿½ maior que o medo da mudanï¿½a, o sujeito muda."
zzldmmoekw@gmail.com,"Escolhemos o que queremos, mas nï¿½o escolhemos querer o que queremos."
ynpzyemgho@hotmail.com,Carpe Diem
korqaaodtw@gmail.com,"Ser ou nï¿½o ser, eis a questï¿½o."
ohywsktdxm@yahoo.com,"Escolhemos o que queremos, mas nï¿½o escolhemos querer o que queremos."
cohbognmxl@yahoo.com,"Escolhemos o que queremos, mas nï¿½o escolhemos querer o que queremos."
ynhwkpgbkn@hotmail.com,"Ser ou nï¿½o ser, eis a questï¿½o."
klerezbcof@gmail.com,Carpe Diem
nebaycncgh@gmail.com,"Quando o medo de nï¿½o estar vivendo ï¿½ maior que o medo da mudanï¿½a, o sujeito muda."
acgwgxiash@hotmail.com,"Ser ou nï¿½o ser, eis a questï¿½o."
yezivjssjw@yahoo.com,Carpe Diem
iqybzwutkw@hotmail.com,"Quando o medo de nï¿½o estar vivendo ï¿½ maior que o medo da mudanï¿½a, o sujeito muda."
enljuzdypg@hotmail.com,"Quando o medo de nï¿½o estar vivendo ï¿½ maior que o medo da mudanï¿½a, o sujeito muda."
jkjmqnjtge@hotmail.com,"Escolhemos o que queremos, mas nï¿½o escolhemos querer o que queremos."
ohcocusmjw@yahoo.com,"Ser ou nï¿½o ser, eis a questï¿½o."
farazcgrfn@gmail.com,"Ser ou nï¿½o ser, eis a questï¿½o."
qpxuvmywly@gmail.com,"Escolhemos o que queremos, mas nï¿½o escolhemos querer o que queremos."
zpkenctrso@gmail.com,"Escolhemos o que queremos, mas nï¿½o escolhemos querer o que queremos."
fxvrlangfq@hotmail.com,Carpe Diem
cqsabhqsfr@gmail.com,Carpe Diem
lynmkecizk@hotmail.com,"Escolhemos o que queremos, mas nï¿½o escolhemos querer o que queremos."
kpcadullza@gmail.com,"Ser ou nï¿½o ser, eis a questï¿½o."
mspxospevn@hotmail.com,"Ser ou nï¿½o ser, eis a questï¿½o."
dpqbxokcfd@yahoo.com,Carpe Diem
ywpzkufqhq@yahoo.com,Carpe Diem
nvfmetvksx@gmail.com,"Ser ou nï¿½o ser, eis a questï¿½o."
ldledctixj@gmail.com,"Quando o medo de nï¿½o estar vivendo ï¿½ maior que o medo da mudanï¿½a, o sujeito muda."
voafipysgx@hotmail.com,Carpe Diem
euesebhgrm@gmail.com,"Escolhemos o que queremos, mas nï¿½o escolhemos querer o que queremos."
iedebutway@yahoo.com,"Quando o medo de nï¿½o estar vivendo ï¿½ maior que o medo da mudanï¿½a, o sujeito muda."
pbazomrazn@gmail.com,"Ser ou nï¿½o ser, eis a questï¿½o."
lsgggcblwg@hotmail.com,Carpe Diem
pkiiuxsigt@yahoo.com,"Quando o medo de nï¿½o estar vivendo ï¿½ maior que o medo da mudanï¿½a, o sujeito muda."
ahmvwthucm@gmail.com,Carpe Diem
ihfdrxognb@gmail.com,"Escolhemos o que queremos, mas nï¿½o escolhemos querer o que queremos."
mrbaonqxqx@yahoo.com,Carpe Diem
oqzwypvkbi@yahoo.com,"Quando o medo de nï¿½o estar vivendo ï¿½ maior que o medo da mudanï¿½a, o sujeito muda."
glqqyjumga@yahoo.com,"Ser ou nï¿½o ser, eis a questï¿½o."
jjfwfktcen@hotmail.com,Carpe Diem
rycsawzcut@gmail.com,Carpe Diem
mlkmojysey@yahoo.com,"Escolhemos o que queremos, mas nï¿½o escolhemos querer o que queremos."
oodrbejsrb@yahoo.com,"Ser ou nï¿½o ser, eis a questï¿½o."
sdpdvfzuoq@hotmail.com,"Quando o medo de nï¿½o estar vivendo ï¿½ maior que o medo da mudanï¿½a, o sujeito muda."
eutbvpxkox@gmail.com,"Quando o medo de nï¿½o estar vivendo ï¿½ maior que o medo da mudanï¿½a, o sujeito muda."
alhdkvrutu@gmail.com,Carpe Diem
wlrnigtfbe@gmail.com,Carpe Diem
fxlyiwrwpe@gmail.com,"Quando o medo de nï¿½o estar vivendo ï¿½ maior que o medo da mudanï¿½a, o sujeito muda."
cgjcoiilox@hotmail.com,"Quando o medo de nï¿½o estar vivendo ï¿½ maior que o medo da mudanï¿½a, o sujeito muda."
bxfqdujyfk@gmail.com,"Quando o medo de nï¿½o estar vivendo ï¿½ maior que o medo da mudanï¿½a, o sujeito muda."
ugrjybyryw@hotmail.com,"Quando o medo de nï¿½o estar vivendo ï¿½ maior que o medo da mudanï¿½a, o sujeito muda."
lggdahweyn@gmail.com,"Escolhemos o que queremos, mas nï¿½o escolhemos querer o que queremos."
ypevciulta@gmail.com,"Ser ou nï¿½o ser, eis a questï¿½o."
busexuexsu@hotmail.com,Carpe Diem
jyzwnigiot@hotmail.com,"Ser ou nï¿½o ser, eis a questï¿½o."
xvkbuibxmh@yahoo.com,"Ser ou nï¿½o ser, eis a questï¿½o."
fpetmvoysy@yahoo.com,"Escolhemos o que queremos, mas nï¿½o escolhemos querer o que queremos."
ztaikruviq@yahoo.com,"Ser ou nï¿½o ser, eis a questï¿½o."
qlhuxmdkry@yahoo.com,"Escolhemos o que queremos, mas nï¿½o escolhemos querer o que queremos."
rhweyidqng@hotmail.com,"Ser ou nï¿½o ser, eis a questï¿½o."
qzrstykoyt@hotmail.com,"Quando o medo de nï¿½o estar vivendo ï¿½ maior que o medo da mudanï¿½a, o sujeito muda."
ydjdaltjjs@yahoo.com,Carpe Diem
naioajbmuh@hotmail.com,"Escolhemos o que queremos, mas nï¿½o escolhemos querer o que queremos."
iixtrsfagp@yahoo.com,Carpe Diem
rmhifzqivz@yahoo.com,"Escolhemos o que queremos, mas nï¿½o escolhemos querer o que queremos."
nkpzebquya@yahoo.com,"Quando o medo de nï¿½o estar vivendo ï¿½ maior que o medo da mudanï¿½a, o sujeito muda."
vsifuyupeu@yahoo.com,"Quando o medo de nï¿½o estar vivendo ï¿½ maior que o medo da mudanï¿½a, o sujeito muda."
trlnvzmoya@hotmail.com,"Ser ou nï¿½o ser, eis a questï¿½o."
ykexqxzfdv@yahoo.com,"Ser ou nï¿½o ser, eis a questï¿½o."
lguxjhsjfw@yahoo.com,"Ser ou nï¿½o ser, eis a questï¿½o."
esstnjboco@gmail.com,Carpe Diem
wwabjexbff@yahoo.com,"Quando o medo de nï¿½o estar vivendo ï¿½ maior que o medo da mudanï¿½a, o sujeito muda."
czfxyylupa@hotmail.com,"Quando o medo de nï¿½o estar vivendo ï¿½ maior que o medo da mudanï¿½a, o sujeito muda."
pfmstemvwu@gmail.com,"Ser ou nï¿½o ser, eis a questï¿½o."
bvmwaroelq@hotmail.com,"Ser ou nï¿½o ser, eis a questï¿½o."
tavdrlidpi@gmail.com,"Quando o medo de nï¿½o estar vivendo ï¿½ maior que o medo da mudanï¿½a, o sujeito muda."
faiyqxhmun@yahoo.com,Carpe Diem
cjopdkhflj@gmail.com,Carpe Diem
jrcuuwbfhx@yahoo.com,"Ser ou nï¿½o ser, eis a questï¿½o."
hahnajhwfm@gmail.com,Carpe Diem
kifjsbttkf@yahoo.com,"Escolhemos o que queremos, mas nï¿½o escolhemos querer o que queremos."
qyhhwkpgms@yahoo.com,"Quando o medo de nï¿½o estar vivendo ï¿½ maior que o medo da mudanï¿½a, o sujeito muda."
cqbyjeywnc@yahoo.com,Carpe Diem
ckjrcjmfhg@yahoo.com,"Escolhemos o que queremos, mas nï¿½o escolhemos querer o que queremos."
xbbjuyccev@yahoo.com,"Ser ou nï¿½o ser, eis a questï¿½o."
qdmpborquq@hotmail.com,"Quando o medo de nï¿½o estar vivendo ï¿½ maior que o medo da mudanï¿½a, o sujeito muda."
synmwygclz@gmail.com,"Quando o medo de nï¿½o estar vivendo ï¿½ maior que o medo da mudanï¿½a, o sujeito muda."
tpgclmaafb@hotmail.com,"Ser ou nï¿½o ser, eis a questï¿½o."
tdivxswsko@gmail.com,"Quando o medo de nï¿½o estar vivendo ï¿½ maior que o medo da mudanï¿½a, o sujeito muda."
qvuytxxhfb@yahoo.com,"Escolhemos o que queremos, mas nï¿½o escolhemos querer o que queremos."
jjhdtygojj@hotmail.com,"Quando o medo de nï¿½o estar vivendo ï¿½ maior que o medo da mudanï¿½a, o sujeito muda."
bxcoqxknio@hotmail.com,"Escolhemos o que queremos, mas nï¿½o escolhemos querer o que queremos."
atfgjlhmow@gmail.com,"Ser ou nï¿½o ser, eis a questï¿½o."
bjaqojneio@yahoo.com,Carpe Diem
bkogxbqogl@gmail.com,"Quando o medo de nï¿½o estar vivendo ï¿½ maior que o medo da mudanï¿½a, o sujeito muda."
dvryusvflk@hotmail.com,Carpe Diem
cvypczfaww@yahoo.com,"Quando o medo de nï¿½o estar vivendo ï¿½ maior que o medo da mudanï¿½a, o sujeito muda."
ynxnofrzxf@gmail.com,"Escolhemos o que queremos, mas nï¿½o escolhemos querer o que queremos."
xpxvziwrng@gmail.com,"Ser ou nï¿½o ser, eis a questï¿½o."
wpckomcuji@yahoo.com,Carpe Diem
yapsdlrten@hotmail.com,"Quando o medo de nï¿½o estar vivendo ï¿½ maior que o medo da mudanï¿½a, o sujeito muda."
xnrmjreozd@gmail.com,Carpe Diem
svorgsojqs@yahoo.com,"Escolhemos o que queremos, mas nï¿½o escolhemos querer o que queremos."
vgchyuklmi@gmail.com,"Quando o medo de nï¿½o estar vivendo ï¿½ maior que o medo da mudanï¿½a, o sujeito muda."
kkuvnisnjg@gmail.com,"Quando o medo de nï¿½o estar vivendo ï¿½ maior que o medo da mudanï¿½a, o sujeito muda."
nvkqfnluav@gmail.com,"Ser ou nï¿½o ser, eis a questï¿½o."
jnppbivbax@hotmail.com,Carpe Diem
sneozctsqz@yahoo.com,Carpe Diem
lgkkqravey@hotmail.com,"Ser ou nï¿½o ser, eis a questï¿½o."
ljbtqndtfc@yahoo.com,"Quando o medo de nï¿½o estar vivendo ï¿½ maior que o medo da mudanï¿½a, o sujeito muda."
wtvysibazs@hotmail.com,"Quando o medo de nï¿½o estar vivendo ï¿½ maior que o medo da mudanï¿½a, o sujeito muda."
yugouzjrnf@hotmail.com,"Ser ou nï¿½o ser, eis a questï¿½o."
oxueetpcxx@yahoo.com,"Ser ou nï¿½o ser, eis a questï¿½o."
fraxtawojq@gmail.com,"Quando o medo de nï¿½o estar vivendo ï¿½ maior que o medo da mudanï¿½a, o sujeito muda."
ytttxjzirq@gmail.com,"Ser ou nï¿½o ser, eis a questï¿½o."
flapxzkpls@yahoo.com,"Quando o medo de nï¿½o estar vivendo ï¿½ maior que o medo da mudanï¿½a, o sujeito muda."
rlfbzdyqwd@yahoo.com,"Ser ou nï¿½o ser, eis a questï¿½o."
uaahygnpds@hotmail.com,"Ser ou nï¿½o ser, eis a questï¿½o."
aokwufbhlp@gmail.com,"Quando o medo de nï¿½o estar vivendo ï¿½ maior que o medo da mudanï¿½a, o sujeito muda."
wxzijrjgel@hotmail.com,"Escolhemos o que queremos, mas nï¿½o escolhemos querer o que queremos."
mikkwlhyde@gmail.com,"Ser ou nï¿½o ser, eis a questï¿½o."
luotsfsjff@gmail.com,"Ser ou nï¿½o ser, eis a questï¿½o."
uwmqamewvi@hotmail.com,Carpe Diem
ghtdkujvmm@yahoo.com,"Escolhemos o que queremos, mas nï¿½o escolhemos querer o que queremos."
zcvjpgkgpd@gmail.com,Carpe Diem
lvjfpuoxup@yahoo.com,Carpe Diem
qapvthwzkl@gmail.com,"Ser ou nï¿½o ser, eis a questï¿½o."
qerxjwfvci@yahoo.com,"Quando o medo de nï¿½o estar vivendo ï¿½ maior que o medo da mudanï¿½a, o sujeito muda."
pufymynmzf@yahoo.com,Carpe Diem
hxqgstcnko@yahoo.com,"Ser ou nï¿½o ser, eis a questï¿½o."
fqempxfuxw@gmail.com,"Quando o medo de nï¿½o estar vivendo ï¿½ maior que o medo da mudanï¿½a, o sujeito muda."
hcjowkmzxo@hotmail.com,"Ser ou nï¿½o ser, eis a questï¿½o."
uljavpajzz@gmail.com,"Escolhemos o que queremos, mas nï¿½o escolhemos querer o que queremos."
hjvualqzew@gmail.com,"Quando o medo de nï¿½o estar vivendo ï¿½ maior que o medo da mudanï¿½a, o sujeito muda."
jhjlckhatm@gmail.com,"Escolhemos o que queremos, mas nï¿½o escolhemos querer o que queremos."
vdlgujbpqj@yahoo.com,"Ser ou nï¿½o ser, eis a questï¿½o."
tmcscnsjqt@hotmail.com,Carpe Diem
kkdgymzlhg@hotmail.com,"Quando o medo de nï¿½o estar vivendo ï¿½ maior que o medo da mudanï¿½a, o sujeito muda."
fjozqqgckc@gmail.com,Carpe Diem
tfwqzebpgt@yahoo.com,"Escolhemos o que queremos, mas nï¿½o escolhemos querer o que queremos."
prfvodknkx@yahoo.com,"Escolhemos o que queremos, mas nï¿½o escolhemos querer o que queremos."
pbuguuzqyv@yahoo.com,"Escolhemos o que queremos, mas nï¿½o escolhemos querer o que queremos."
koxnrdjgpl@hotmail.com,"Escolhemos o que queremos, mas nï¿½o escolhemos querer o que queremos."
sdrsnwzacp@hotmail.com,Carpe Diem
kvrzzwfcnm@yahoo.com,"Escolhemos o que queremos, mas nï¿½o escolhemos querer o que queremos."
lucca.scarpa@gmail.com,"Escolhemos o que queremos, mas não escolhemos querer o que queremos"
mfjsnnvfuz@gmail.com,Carpe Diem
wysrwwgpee@hotmail.com,"Escolhemos o que queremos, mas nï¿½o escolhemos querer o que queremos."
hfytwmxqpo@hotmail.com,Carpe Diem
pbsskqhtfw@hotmail.com,Carpe Diem
ylcpnzkprs@gmail.com,"Ser ou nï¿½o ser, eis a questï¿½o."
nrlplnqrpe@gmail.com,Carpe Diem
omibbckxtb@yahoo.com,Carpe Diem
ljybarvduc@yahoo.com,"Quando o medo de nï¿½o estar vivendo ï¿½ maior que o medo da mudanï¿½a, o sujeito muda."
ecuzkprvzz@gmail.com,"Escolhemos o que queremos, mas nï¿½o escolhemos querer o que queremos."
okznhxdzad@hotmail.com,"Ser ou nï¿½o ser, eis a questï¿½o."
pgesfygczt@hotmail.com,Carpe Diem
ofjdaddwyf@yahoo.com,"Escolhemos o que queremos, mas nï¿½o escolhemos querer o que queremos."
sbxsljnyjf@hotmail.com,Carpe Diem
xyjqgrbhfd@yahoo.com,Carpe Diem
ssfdbdxicf@yahoo.com,"Quando o medo de nï¿½o estar vivendo ï¿½ maior que o medo da mudanï¿½a, o sujeito muda."
dtbcrkhgcr@hotmail.com,"Quando o medo de nï¿½o estar vivendo ï¿½ maior que o medo da mudanï¿½a, o sujeito muda."
swdassfhzu@gmail.com,"Ser ou nï¿½o ser, eis a questï¿½o."
lrgpfgotnh@yahoo.com,Carpe Diem
ifagzsohgt@hotmail.com,Carpe Diem
ifxiyqnyll@hotmail.com,"Ser ou nï¿½o ser, eis a questï¿½o."
btrtmwilrz@yahoo.com,"Quando o medo de nï¿½o estar vivendo ï¿½ maior que o medo da mudanï¿½a, o sujeito muda."
dejuuukqsm@yahoo.com,"Ser ou nï¿½o ser, eis a questï¿½o."
ltfapnflvz@yahoo.com,"Quando o medo de nï¿½o estar vivendo ï¿½ maior que o medo da mudanï¿½a, o sujeito muda."
abkyvyvduo@gmail.com,"Escolhemos o que queremos, mas nï¿½o escolhemos querer o que queremos."
nncjxypwqp@hotmail.com,"Quando o medo de nï¿½o estar vivendo ï¿½ maior que o medo da mudanï¿½a, o sujeito muda."
pjskltbehi@hotmail.com,"Escolhemos o que queremos, mas nï¿½o escolhemos querer o que queremos."
owlvelkqla@gmail.com,Carpe Diem
qsphkpcyqz@gmail.com,"Ser ou nï¿½o ser, eis a questï¿½o."
bjipbqziee@gmail.com,Carpe Diem
